,0,1
Unnamed: 0,preds,targets
0,1,1
1,0,0
2,2,2
3,0,0
4,1,1
5,2,2
6,2,2
7,0,1
8,0,0
9,0,0
10,2,2
11,1,1
12,1,1
13,0,0
14,2,2
15,0,0
16,1,1
17,2,2
18,0,0
19,2,2
20,1,2
21,0,0
22,1,1
23,2,2
24,1,1
25,0,0
26,2,2
27,2,2
28,2,2
29,2,2
30,0,0
31,1,2
32,1,1
33,0,0
34,2,2
35,1,1
36,0,0
37,0,2
38,0,1
39,2,2
40,1,1
41,0,1
42,2,2
43,0,0
44,0,1
45,2,2
46,0,0
47,1,1
48,1,1
49,2,2
50,0,0
51,1,1
52,2,2
53,0,0
54,1,1
55,1,0
56,2,2
57,0,0
58,2,2
59,1,1
60,2,2
61,0,1
62,0,0
63,2,2
64,1,1
65,0,0
66,2,2
67,1,1
68,1,2
69,0,0
70,1,1
71,2,2
72,0,0
73,1,1
74,2,2
75,0,0
76,1,1
77,1,1
78,2,2
79,0,0
80,1,1
81,0,0
82,2,2
83,2,2
84,0,0
85,1,1
86,0,0
87,0,0
88,2,2
89,1,1
90,2,2
91,0,0
92,1,1
93,2,2
94,0,0
95,0,0
96,1,2
97,0,0
98,1,1
99,2,2
100,0,0
101,1,1
102,2,2
103,0,0
104,0,0
105,1,1
106,2,2
107,1,1
108,2,2
109,0,0
110,0,0
111,1,1
112,2,2
113,2,2
114,0,0
115,1,1
116,0,0
117,0,0
118,2,2
119,2,2
120,2,2
121,0,0
122,0,0
123,0,1
124,0,2
125,1,1
126,2,2
127,2,0
128,0,0
129,2,2
130,0,1
131,0,0
132,2,2
133,1,1
134,1,1
135,2,2
136,0,1
137,0,0
138,2,2
139,1,1
140,1,1
141,1,1
142,1,1
143,1,1
144,0,0
145,2,2
146,0,0
147,2,2
148,0,0
149,2,2
150,0,0
151,1,1
152,2,2
153,1,1
154,0,0
155,2,1
156,1,1
157,0,0
158,2,2
159,0,0
160,1,1
161,2,1
162,0,0
163,2,2
164,1,1
165,0,0
166,2,2
167,1,1
168,0,0
169,2,2
170,1,1
171,2,2
172,0,0
173,2,2
174,1,1
175,1,0
176,0,0
177,1,1
178,2,2
179,2,2
180,1,1
181,0,0
182,1,2
183,0,0
184,1,1
185,1,2
186,0,1
187,0,0
188,2,2
189,1,1
190,1,0
191,0,0
192,1,1
193,2,2
194,2,2
195,0,0
196,0,1
197,2,2
198,0,0
199,1,2
200,1,1
201,2,2
202,2,2
203,0,0
204,0,1
205,2,2
206,0,0
207,1,1
208,2,2
209,1,1
210,0,0
211,2,2
212,1,1
213,1,1
214,2,2
215,1,1
216,0,0
217,0,1
218,1,1
219,0,0
220,1,1
221,2,2
222,0,0
223,1,1
224,2,2
225,2,2
226,1,1
227,0,0
228,0,0
229,2,1
230,2,2
231,0,2
232,0,0
233,2,2
234,0,1
235,0,1
236,2,2
237,2,2
238,0,0
239,1,1
240,1,1
241,2,2
242,0,0
243,2,2
244,0,0
245,1,1
246,0,0
247,0,0
248,2,2
249,1,1
250,2,2
251,0,0
252,2,2
253,0,1
254,1,1
255,2,2
256,1,1
257,1,0
258,1,1
259,0,0
260,2,2
261,0,0
262,2,0
263,2,2
264,0,1
265,2,2
266,0,0
267,2,0
268,2,2
269,2,0
270,2,2
271,0,0
272,0,1
273,0,1
274,0,0
275,1,2
276,0,0
277,1,1
278,2,2
279,1,1
280,2,2
281,1,1
282,0,0
283,2,2
284,0,0
285,2,2
286,1,1
287,0,0
288,2,1
289,2,2
290,0,0
291,2,2
292,1,1
293,0,0
294,1,1
295,2,2
296,0,0
297,1,1
298,2,2
299,2,2
300,0,0
301,1,2
302,1,1
303,0,0
304,2,2
305,2,2
306,1,1
307,0,0
308,1,1
309,2,2
310,0,0
311,0,1
312,2,2
313,0,0
314,0,0
315,0,2
316,2,1
317,1,1
318,2,2
319,0,0
320,0,0
321,1,1
322,2,2
323,0,0
324,1,1
325,2,2
326,2,1
327,0,0
328,2,2
329,1,1
330,0,0
331,2,2
332,1,1
333,1,1
334,0,0
335,2,2
336,1,1
337,1,1
338,0,0
339,1,2
340,1,1
341,0,0
342,2,2
343,0,0
344,2,2
345,2,1
346,0,0
347,1,1
348,2,2
349,1,0
350,0,0
351,1,2
352,2,2
353,0,0
354,0,0
355,0,0
356,1,1
357,1,1
358,0,1
359,2,2
360,1,1
361,1,0
362,1,1
363,2,2
364,0,0
365,1,1
366,2,2
367,2,2
368,2,2
369,0,1
370,0,0
371,0,0
372,2,2
373,0,1
374,1,1
375,0,0
376,2,2
377,1,1
378,0,0
379,2,2
380,2,2
381,1,1
382,0,0
383,0,0
384,1,1
385,2,2
386,2,2
387,0,1
388,0,0
389,2,2
390,1,1
391,0,0
392,0,0
393,2,2
394,2,1
395,2,2
396,1,1
397,0,0
398,2,2
399,1,1
400,0,0
401,1,1
402,2,2
403,0,0
404,0,0
405,2,2
406,2,1
407,2,2
408,0,1
409,0,0
410,2,2
411,0,0
412,0,1
413,2,2
414,0,0
415,1,1
416,0,0
417,2,2
418,1,1
419,0,0
420,2,2
421,0,1
422,1,1
423,2,2
424,0,0
425,0,2
426,0,0
427,0,0
428,2,2
429,0,0
430,2,2
431,1,1
432,0,0
433,1,1
434,2,2
435,0,0
436,2,2
437,1,1
438,0,1
439,2,2
440,0,0
441,2,2
442,0,1
443,0,0
444,0,0
445,2,2
446,2,2
447,0,0
448,1,1
449,2,2
450,0,0
451,1,1
452,0,0
453,2,2
454,1,1
455,0,0
456,0,0
457,2,2
458,2,2
459,1,1
460,0,0
461,1,1
462,0,0
463,2,2
464,2,2
465,0,0
466,1,1
467,1,1
468,2,2
469,0,0
470,1,0
471,2,2
472,0,0
473,2,2
474,0,0
475,0,1
476,0,0
477,1,1
478,2,2
479,2,2
480,0,0
481,2,0
482,2,2
483,2,1
484,0,0
485,1,1
486,0,0
487,2,2
488,0,0
489,1,2
490,0,1
491,2,2
492,2,1
493,2,0
494,0,0
495,1,1
496,2,2
497,2,2
498,0,0
499,0,0
500,2,2
501,0,0
502,1,1
503,2,2
504,1,1
505,0,0
506,2,2
507,0,0
508,1,1
509,2,2
510,1,1
511,0,0
512,1,1
513,1,1
514,0,0
515,0,0
516,1,1
517,0,2
518,0,0
519,1,1
520,2,2
521,0,0
522,1,1
523,2,2
524,1,1
525,0,0
526,0,0
527,2,2
528,0,1
529,0,0
530,2,2
531,1,1
532,0,0
533,2,2
534,1,1
535,0,0
536,1,1
537,2,2
538,2,2
539,1,1
540,0,0
541,1,1
542,0,0
543,2,2
544,1,1
545,2,2
546,0,0
547,0,0
548,1,2
549,1,1
550,1,1
551,1,1
552,1,2
553,2,2
554,0,1
555,0,0
556,0,0
557,0,1
558,2,2
559,0,0
560,1,1
561,2,2
562,1,1
563,1,0
564,2,2
565,0,0
566,2,1
567,2,2
568,2,2
569,2,1
570,0,0
571,0,0
572,2,2
573,0,0
574,0,0
575,2,2
576,1,1
577,0,0
578,2,2
579,1,1
580,1,1
581,2,2
582,0,0
583,1,1
584,2,2
585,0,0
586,2,2
587,1,1
588,0,0
589,2,2
590,1,1
591,0,0
592,1,1
593,2,2
594,1,0
595,1,1
596,2,2
597,0,0
598,1,1
599,0,0
600,2,2
601,2,2
602,0,0
603,1,1
604,1,1
605,0,0
606,2,2
607,2,2
608,1,1
609,0,0
610,0,0
611,2,2
612,1,1
613,0,0
614,2,2
615,1,1
616,1,1
617,0,0
618,1,1
619,2,2
620,0,0
621,2,1
622,2,2
623,0,1
624,1,1
625,1,1
626,1,2
627,0,1
628,1,1
629,0,0
630,1,2
631,1,1
632,0,0
633,1,1
634,1,2
635,1,1
636,0,0
637,2,2
638,0,0
639,2,2
640,1,1
641,0,0
642,2,1
643,2,2
644,0,0
645,1,2
646,1,1
647,1,1
648,0,0
649,2,2
650,2,2
651,1,1
652,0,0
653,2,0
654,2,1
655,2,2
656,0,0
657,2,2
658,1,1
659,1,1
660,0,0
661,2,2
662,0,0
663,2,2
664,0,1
665,0,0
666,2,2
667,1,1
668,0,0
669,2,2
670,1,1
671,1,1
672,0,0
673,2,2
674,0,0
675,1,1
676,0,0
677,0,0
678,2,2
679,2,1
680,0,0
681,1,1
682,2,2
683,0,0
684,2,2
685,1,1
686,0,0
687,0,2
688,1,1
689,0,0
690,2,2
691,2,2
692,0,0
693,2,2
694,1,1
695,0,0
696,2,2
697,0,1
698,1,2
699,0,1
700,0,0
701,0,0
702,1,1
703,2,2
704,1,1
705,1,1
706,2,2
707,1,1
708,2,2
709,0,1
710,0,0
711,1,1
712,2,2
713,0,0
714,2,1
715,2,2
716,1,2
717,2,0
718,0,0
719,1,2
720,2,2
721,0,0
722,1,1
723,1,1
724,2,2
725,0,0
726,1,1
727,2,2
728,2,2
729,0,0
730,2,1
731,0,0
732,2,2
733,1,1
734,2,2
735,0,0
736,0,1
737,1,1
738,2,2
739,0,0
740,2,2
741,2,1
742,0,0
743,0,0
744,1,1
745,2,2
746,2,1
747,1,1
748,0,0
749,1,1
750,0,0
751,2,2
752,0,0
753,2,2
754,1,0
755,0,0
756,1,1
757,2,2
758,1,1
759,2,0
760,2,2
761,1,1
762,2,2
763,0,0
764,2,2
765,1,1
766,0,1
767,0,0
768,0,0
769,2,2
770,2,2
771,1,1
772,0,0
773,0,0
774,2,2
775,0,0
776,1,1
777,0,0
778,2,2
779,1,1
780,2,2
781,2,1
782,0,2
783,0,0
784,1,1
785,2,2
786,1,1
787,0,0
788,2,2
789,0,0
790,0,0
791,2,2
792,0,0
793,1,1
794,0,2
795,1,1
796,0,0
797,2,2
798,0,0
799,1,1
800,1,1
801,2,2
802,0,0
803,0,0
804,1,1
805,2,2
806,0,0
807,1,1
808,2,2
809,1,1
810,2,2
811,0,0
812,1,1
813,0,0
814,2,2
815,2,2
816,1,1
817,0,0
818,2,2
819,0,1
820,0,0
821,0,1
822,2,2
823,0,0
824,2,2
825,1,0
826,1,1
827,1,1
828,0,0
829,2,2
830,1,1
831,2,2
832,0,0
833,1,1
834,2,2
835,0,0
836,0,0
837,1,1
838,2,2
839,2,2
840,1,1
841,0,0
842,2,2
843,1,1
844,0,0
845,2,2
846,1,1
847,0,1
848,0,0
849,2,2
850,1,1
851,2,2
852,0,0
853,1,1
854,1,1
855,2,2
856,0,0
857,1,1
858,0,0
859,2,1
860,0,1
861,2,2
862,0,0
863,1,0
864,2,2
865,0,0
866,1,1
867,2,2
868,0,0
869,2,2
870,1,1
871,0,0
872,1,1
873,2,2
874,0,0
875,2,2
876,1,1
877,1,1
878,2,2
879,0,0
880,0,0
881,1,1
882,2,2
883,1,1
884,2,2
885,0,0
886,0,0
887,1,1
888,2,2
889,2,2
890,0,0
891,0,1
892,1,1
893,0,0
894,2,2
895,1,2
896,1,1
897,0,0
898,1,2
899,1,1
900,0,0
901,0,0
902,1,1
903,1,1
904,0,0
905,1,1
906,2,2
907,2,2
908,1,1
909,0,0
910,2,2
911,1,1
912,2,1
913,0,0
914,2,2
915,1,1
916,1,1
917,0,0
918,2,2
919,0,0
920,1,1
921,0,2
922,2,2
923,0,0
924,1,1
925,1,2
926,0,0
927,0,1
928,2,2
929,1,1
930,0,0
931,2,2
932,1,1
933,0,0
934,0,0
935,2,2
936,1,1
937,2,1
938,2,2
939,2,0
940,1,1
941,0,0
942,2,2
943,1,0
944,1,1
945,1,2
946,1,1
947,0,0
948,2,2
949,2,2
950,1,1
951,1,2
952,1,1
953,0,0
954,1,0
955,1,1
956,2,2
957,0,0
958,2,2
959,1,2
960,2,2
961,1,1
962,0,0
963,0,0
964,2,2
965,1,1
966,0,1
967,1,1
968,2,2
969,0,0
970,1,1
971,1,2
972,0,0
973,1,2
974,1,1
975,0,0
976,1,2
977,0,0
978,1,1
979,2,2
980,1,1
981,2,2
982,0,0
983,0,1
984,2,2
985,1,1
986,0,2
987,0,0
988,1,2
989,0,0
990,2,2
991,0,1
992,0,0
993,1,1
994,0,0
995,2,2
996,2,2
997,0,0
998,2,1
999,1,1
1000,0,1
1001,1,1
1002,2,2
1003,0,0
1004,1,1
1005,1,1
1006,0,0
1007,2,2
1008,1,2
1009,1,1
1010,0,0
1011,0,0
1012,1,1
1013,2,2
1014,2,2
1015,1,0
1016,1,1
1017,1,1
1018,2,2
1019,0,0
1020,0,0
1021,2,2
1022,1,1
1023,0,0
1024,2,2
1025,1,1
1026,2,2
1027,0,0
1028,0,1
1029,2,2
1030,1,1
1031,0,0
1032,1,1
1033,0,0
1034,2,2
1035,0,0
1036,2,2
1037,1,1
1038,2,2
1039,1,1
1040,0,0
1041,0,0
1042,2,2
1043,0,1
1044,1,1
1045,1,1
1046,0,0
1047,1,1
1048,1,1
1049,1,1
1050,2,2
1051,0,0
1052,2,1
1053,2,0
1054,1,1
1055,0,2
1056,0,0
1057,0,1
1058,1,2
1059,1,1
1060,0,0
1061,1,1
1062,0,0
1063,2,2
1064,0,0
1065,0,0
1066,1,2
1067,1,1
1068,0,0
1069,0,0
1070,2,2
1071,2,1
1072,0,0
1073,2,2
1074,1,1
1075,1,1
1076,2,2
1077,0,0
1078,1,1
1079,2,2
1080,0,0
1081,1,1
1082,2,2
1083,0,0
1084,2,2
1085,0,0
1086,1,1
1087,1,1
1088,2,2
1089,0,0
1090,2,2
1091,0,1
1092,0,0
1093,1,1
1094,0,0
1095,2,2
1096,2,0
1097,2,1
1098,1,1
1099,0,0
1100,2,2
1101,0,2
1102,0,0
1103,0,0
1104,2,1
1105,2,1
1106,2,2
1107,1,1
1108,1,0
1109,2,2
1110,0,1
1111,0,0
1112,0,0
1113,2,2
1114,1,1
1115,1,1
1116,0,0
1117,2,2
1118,1,1
1119,0,0
1120,2,2
1121,1,1
1122,2,2
1123,0,0
1124,0,0
1125,2,2
1126,0,1
1127,0,0
1128,2,2
1129,1,2
1130,2,2
1131,0,0
1132,1,1
1133,2,2
1134,0,1
1135,0,0
1136,0,0
1137,2,2
1138,1,1
1139,2,2
1140,2,1
1141,0,0
1142,0,0
1143,2,2
1144,1,1
1145,2,2
1146,0,0
1147,1,1
1148,0,0
1149,1,2
1150,1,1
1151,2,2
1152,0,0
1153,0,1
1154,1,1
1155,0,0
1156,2,2
1157,2,2
1158,1,1
1159,0,0
1160,2,2
1161,0,0
1162,0,1
1163,1,1
1164,0,0
1165,2,2
1166,0,0
1167,0,1
1168,2,2
1169,1,1
1170,0,0
1171,2,2
1172,0,1
1173,2,2
1174,0,0
1175,0,0
1176,2,2
1177,1,1
1178,0,2
1179,0,0
1180,2,1
1181,0,0
1182,2,2
1183,1,1
1184,0,0
1185,1,1
1186,1,2
1187,0,0
1188,2,2
1189,1,1
1190,0,0
1191,0,2
1192,1,1
1193,1,1
1194,2,2
1195,0,0
1196,1,1
1197,0,0
1198,2,2
1199,1,1
1200,0,0
1201,2,2
1202,1,1
1203,0,0
1204,2,2
1205,1,2
1206,0,1
1207,0,0
1208,2,2
1209,0,0
1210,1,1
1211,2,2
1212,0,0
1213,1,1
1214,2,2
1215,0,0
1216,1,1
1217,0,0
1218,1,1
1219,1,1
1220,2,2
1221,1,1
1222,0,0
1223,2,2
1224,1,1
1225,0,0
1226,0,0
1227,1,1
1228,1,1
1229,2,2
1230,0,0
1231,0,1
1232,2,2
1233,1,1
1234,2,2
1235,0,0
1236,1,1
1237,0,0
1238,1,1
1239,2,2
1240,0,0
1241,2,2
1242,1,1
1243,1,1
1244,0,0
1245,2,2
1246,0,0
1247,2,2
1248,1,1
1249,0,0
1250,1,1
1251,1,1
1252,0,0
1253,1,2
1254,1,1
1255,2,2
1256,2,1
1257,0,0
1258,1,1
1259,2,0
1260,2,2
1261,0,0
1262,2,2
1263,1,1
1264,1,1
1265,1,0
1266,1,2
1267,2,1
1268,1,2
1269,1,2
1270,2,2
1271,0,0
1272,1,1
1273,0,0
1274,1,1
1275,2,2
1276,0,0
1277,2,2
1278,1,1
1279,0,0
1280,1,1
1281,2,2
1282,0,0
1283,2,2
1284,0,0
1285,1,2
1286,0,0
1287,1,1
1288,0,0
1289,1,1
1290,0,1
1291,1,1
1292,1,1
1293,1,1
1294,1,2
1295,0,0
1296,2,2
1297,1,1
1298,0,0
1299,1,1
1300,2,2
1301,0,0
1302,1,1
1303,2,0
1304,2,2
1305,1,1
1306,1,1
1307,2,2
1308,2,2
1309,0,0
1310,1,1
1311,1,2
1312,2,1
1313,1,1
1314,0,1
1315,2,2
1316,1,2
1317,1,1
1318,1,1
1319,0,0
1320,0,0
1321,2,2
1322,1,2
1323,2,2
1324,0,0
1325,0,0
1326,1,1
1327,2,2
1328,0,0
1329,2,2
1330,0,1
1331,1,1
1332,2,2
1333,2,1
1334,2,2
1335,0,0
1336,2,2
1337,0,0
1338,1,1
1339,2,2
1340,0,0
1341,0,1
1342,1,0
1343,1,1
1344,1,2
1345,0,1
1346,2,1
1347,2,0
1348,2,2
1349,0,0
1350,1,1
1351,0,0
1352,1,1
1353,2,2
1354,1,1
1355,0,0
1356,2,2
1357,2,2
1358,1,1
1359,0,0
1360,1,1
1361,0,0
1362,1,1
1363,0,0
1364,2,2
1365,2,2
1366,0,0
1367,2,2
1368,1,1
1369,0,0
1370,2,2
1371,1,1
1372,0,0
1373,1,1
1374,2,2
1375,0,0
1376,0,0
1377,2,2
1378,1,1
1379,1,1
1380,2,2
1381,0,0
1382,2,2
1383,0,0
1384,0,1
1385,2,2
1386,0,0
1387,1,1
1388,2,2
1389,0,0
1390,1,1
1391,0,0
1392,1,1
1393,2,2
1394,0,0
1395,1,1
1396,2,2
1397,0,0
1398,1,1
1399,2,2
1400,2,2
1401,1,1
1402,0,0
1403,2,2
1404,1,1
1405,1,0
1406,1,1
1407,2,2
1408,1,1
1409,2,2
1410,1,1
1411,0,0
1412,1,1
1413,2,2
1414,0,0
1415,2,2
1416,0,1
1417,0,0
1418,0,1
1419,0,0
1420,2,2
1421,2,2
1422,1,1
1423,0,0
1424,0,1
1425,0,0
1426,2,2
1427,0,0
1428,2,2
1429,1,1
1430,2,2
1431,0,0
1432,2,1
1433,0,0
1434,2,2
1435,0,1
1436,0,0
1437,1,1
1438,2,2
1439,0,0
1440,1,1
1441,1,2
1442,0,0
1443,2,2
1444,1,1
1445,0,0
1446,1,1
1447,1,2
1448,0,0
1449,2,2
1450,0,1
1451,1,1
1452,2,2
1453,0,0
1454,1,1
1455,0,0
1456,2,2
1457,2,2
1458,0,0
1459,1,1
1460,2,2
1461,0,1
1462,0,0
1463,0,0
1464,2,2
1465,1,1
1466,0,0
1467,2,2
1468,1,1
1469,1,1
1470,0,0
1471,2,2
1472,1,0
1473,2,2
1474,1,1
1475,2,2
1476,1,1
1477,0,0
1478,0,0
1479,2,2
1480,1,1
1481,1,1
1482,0,2
1483,0,0
1484,0,0
1485,0,0
1486,2,2
1487,1,1
1488,0,1
1489,2,2
1490,2,2
1491,1,1
1492,0,0
1493,0,0
1494,2,2
1495,1,1
1496,1,1
1497,2,2
1498,0,0
1499,1,1
1500,0,0
1501,2,2
1502,0,0
1503,2,2
1504,1,1
1505,1,1
1506,0,0
1507,2,2
1508,0,0
1509,2,2
1510,1,1
1511,2,2
1512,1,1
1513,0,0
1514,0,0
1515,1,1
1516,2,2
1517,0,0
1518,0,0
1519,0,2
1520,2,2
1521,0,0
1522,0,0
1523,2,2
1524,1,1
1525,0,1
1526,0,0
1527,0,2
1528,1,1
1529,0,0
1530,2,2
1531,0,0
1532,1,1
1533,2,1
1534,2,2
1535,0,0
1536,1,1
1537,2,2
1538,0,0
1539,2,1
1540,0,1
1541,2,2
1542,0,0
1543,0,0
1544,1,2
1545,1,1
1546,0,0
1547,2,2
1548,1,1
1549,1,1
1550,0,0
1551,2,2
1552,2,2
1553,0,0
1554,2,1
1555,0,0
1556,2,2
1557,1,1
1558,0,0
1559,2,2
1560,0,1
1561,1,1
1562,0,2
1563,0,0
1564,0,0
1565,0,1
1566,2,2
1567,1,1
1568,0,0
1569,2,2
1570,0,1
1571,2,2
1572,1,1
1573,2,2
1574,0,0
1575,2,1
1576,1,1
1577,1,1
1578,2,2
1579,0,1
1580,1,1
1581,2,2
1582,2,2
1583,0,0
1584,1,1
1585,1,2
1586,0,0
1587,1,1
1588,2,1
1589,1,0
1590,2,2
1591,2,2
1592,0,0
1593,0,0
1594,1,1
1595,2,0
1596,2,2
1597,1,1
1598,2,2
1599,0,0
1600,1,1
1601,0,0
1602,2,2
1603,1,2
1604,0,0
1605,1,1
1606,2,2
1607,0,0
1608,1,1
1609,1,1
1610,2,2
1611,0,0
1612,0,0
1613,2,2
1614,0,1
1615,2,2
1616,0,0
1617,1,1
1618,0,0
1619,1,1
1620,2,2
1621,2,2
1622,0,0
1623,1,1
1624,0,1
1625,0,0
1626,2,2
1627,1,1
1628,2,2
1629,0,0
1630,2,2
1631,0,0
1632,0,0
1633,1,1
1634,2,2
1635,0,0
1636,2,2
1637,0,0
1638,1,1
1639,0,0
1640,1,1
1641,2,2
1642,1,1
1643,1,0
1644,2,2
1645,0,0
1646,2,2
1647,1,1
1648,1,1
1649,2,2
1650,0,1
1651,1,1
1652,0,0
1653,2,2
1654,1,1
1655,2,2
1656,0,0
1657,1,1
1658,0,0
1659,2,2
1660,1,1
1661,2,2
1662,0,0
1663,1,1
1664,2,2
1665,0,0
1666,0,0
1667,2,2
1668,1,1
1669,2,2
1670,0,0
1671,1,1
1672,0,1
1673,2,2
1674,2,1
1675,0,0
1676,2,2
1677,0,0
1678,1,0
1679,2,2
1680,0,1
1681,1,1
1682,2,2
1683,1,0
1684,1,1
1685,2,2
1686,0,0
1687,0,0
1688,2,1
1689,2,2
1690,1,1
1691,0,0
1692,1,2
1693,0,2
1694,1,1
1695,0,0
1696,1,1
1697,2,2
1698,0,0
1699,1,1
1700,1,0
1701,2,2
1702,2,2
1703,0,0
1704,1,1
1705,2,2
1706,0,0
1707,1,1
1708,0,0
1709,2,2
1710,1,1
1711,1,1
1712,2,2
1713,1,1
1714,0,0
1715,1,1
1716,2,2
1717,0,0
1718,1,1
1719,2,2
1720,2,2
1721,0,0
1722,0,0
1723,2,2
1724,0,0
1725,1,1
1726,2,2
1727,1,1
1728,0,0
1729,2,2
1730,2,2
1731,1,1
1732,0,0
1733,1,0
1734,2,2
1735,1,1
1736,2,2
1737,0,0
1738,1,1
1739,0,1
1740,2,2
1741,1,1
1742,2,2
1743,0,0
1744,1,1
1745,1,1
1746,0,0
1747,2,2
1748,0,0
1749,2,2
1750,1,1
1751,0,0
1752,0,2
1753,2,1
1754,2,1
1755,0,0
1756,0,1
1757,1,1
1758,0,0
1759,2,2
1760,1,1
1761,2,2
1762,0,0
1763,0,2
1764,1,1
1765,0,0
1766,1,1
1767,0,0
1768,0,2
1769,0,0
1770,2,2
1771,0,0
1772,0,0
1773,1,1
1774,2,2
1775,2,1
1776,0,0
1777,1,1
1778,1,0
1779,2,2
1780,1,1
1781,2,2
1782,0,0
1783,1,1
1784,1,1
1785,0,0
1786,2,2
1787,1,1
1788,1,1
1789,0,0
1790,2,2
1791,2,0
1792,2,2
1793,1,2
1794,1,1
1795,1,1
1796,2,2
1797,0,0
1798,1,1
1799,2,2
1800,0,0
1801,1,1
1802,2,2
1803,1,1
1804,0,0
1805,0,2
1806,0,0
1807,1,1
1808,1,2
1809,0,0
1810,1,1
1811,2,2
1812,1,1
1813,0,0
1814,2,2
1815,0,0
1816,1,1
1817,0,0
1818,2,2
1819,1,1
1820,2,2
1821,0,0
1822,0,1
1823,0,0
1824,2,2
1825,1,1
1826,0,2
1827,0,0
1828,0,0
1829,0,1
1830,2,2
1831,2,2
1832,1,1
1833,0,0
1834,0,2
1835,0,0
1836,1,1
1837,1,1
1838,0,0
1839,2,2
1840,2,2
1841,0,0
1842,2,1
1843,1,1
1844,0,0
1845,2,2
1846,2,2
1847,0,0
1848,1,1
1849,2,2
1850,0,0
1851,1,2
1852,0,0
1853,2,2
1854,0,0
1855,1,2
1856,1,1
1857,0,0
1858,2,2
1859,0,1
1860,0,0
1861,2,2
1862,0,0
1863,1,1
1864,0,1
1865,1,1
1866,2,2
1867,0,0
1868,1,1
1869,2,2
1870,0,0
1871,2,2
1872,2,1
1873,0,0
1874,1,1
1875,2,2
1876,2,2
1877,0,0
1878,1,1
1879,2,1
1880,0,0
1881,0,0
1882,1,1
1883,2,2
1884,0,0
1885,0,0
1886,1,1
1887,2,2
1888,0,0
1889,0,0
1890,0,0
1891,0,0
1892,2,2
1893,1,1
1894,2,1
1895,2,2
1896,0,0
1897,0,0
1898,2,2
1899,1,1
1900,2,1
1901,2,2
1902,0,0
1903,0,0
1904,2,2
1905,1,1
1906,1,1
1907,2,2
1908,0,0
1909,0,0
1910,2,2
1911,1,1
1912,2,2
1913,0,1
1914,1,1
1915,0,0
1916,1,1
1917,2,2
1918,2,2
1919,1,1
1920,0,0
1921,1,1
1922,0,0
1923,2,2
1924,1,1
1925,1,1
1926,2,2
1927,0,0
1928,2,2
1929,0,0
1930,2,2
1931,1,1
1932,0,0
1933,2,2
1934,0,0
1935,1,1
1936,2,1
1937,0,0
1938,1,1
1939,0,0
1940,1,1
1941,2,2
1942,0,0
1943,2,2
1944,1,1
1945,1,1
1946,2,2
1947,0,0
1948,1,1
1949,1,0
1950,2,2
1951,1,2
1952,0,0
1953,1,1
1954,1,1
1955,0,0
1956,2,2
1957,0,0
1958,0,0
1959,2,2
1960,2,2
1961,2,2
1962,2,2
1963,1,1
1964,2,2
1965,0,0
1966,1,1
1967,2,1
1968,2,2
1969,0,0
1970,2,2
1971,0,1
1972,1,1
1973,0,0
1974,2,2
1975,0,2
1976,0,0
1977,0,0
1978,0,0
1979,2,2
1980,0,0
1981,1,1
1982,2,2
1983,0,0
1984,2,2
1985,1,1
1986,0,0
1987,0,0
1988,1,1
1989,2,2
1990,0,0
1991,0,0
1992,2,2
1993,0,0
1994,2,2
1995,1,1
1996,2,2
1997,0,0
1998,1,1
1999,0,0
2000,2,2
2001,1,1
2002,2,2
2003,1,1
2004,0,0
2005,2,2
2006,0,0
2007,1,1
2008,1,1
2009,2,2
2010,0,0
2011,1,1
2012,0,0
2013,2,2
2014,1,1
2015,2,2
2016,0,0
2017,1,1
2018,1,1
2019,2,2
2020,2,1
2021,1,1
2022,2,0
2023,0,0
2024,1,1
2025,2,2
2026,2,1
2027,2,2
2028,0,0
2029,0,0
2030,1,1
2031,2,2
2032,2,2
2033,0,0
2034,1,1
2035,0,0
2036,2,2
2037,2,1
2038,1,1
2039,0,0
2040,2,2
2041,2,2
2042,1,1
2043,0,0
2044,2,2
2045,1,1
2046,0,0
2047,1,1
2048,2,2
2049,0,0
2050,0,0
2051,1,2
2052,2,2
2053,1,1
2054,0,0
2055,2,2
2056,1,1
2057,0,0
2058,0,0
2059,1,1
2060,2,2
2061,2,2
2062,0,1
2063,0,0
2064,0,1
2065,0,0
2066,2,2
2067,0,0
2068,2,2
2069,1,1
2070,2,2
2071,0,0
2072,1,1
2073,0,0
2074,2,1
2075,2,2
2076,0,0
2077,2,2
2078,2,1
2079,2,2
2080,0,0
2081,0,1
2082,2,2
2083,2,1
2084,0,0
2085,2,2
2086,0,0
2087,1,1
2088,1,0
2089,1,1
2090,1,1
2091,0,0
2092,2,2
2093,1,1
2094,0,0
2095,2,2
2096,1,1
2097,0,0
2098,1,2
2099,0,1
2100,2,2
2101,0,0
2102,1,1
2103,1,1
2104,0,0
2105,2,2
2106,2,2
2107,0,1
2108,1,1
2109,1,1
2110,0,0
2111,2,2
2112,2,1
2113,0,0
2114,1,1
2115,2,2
2116,0,1
2117,1,1
2118,2,1
2119,1,2
2120,0,0
2121,1,1
2122,0,0
2123,2,2
2124,2,2
2125,1,0
2126,1,1
2127,0,0
2128,1,1
2129,2,2
2130,0,0
2131,1,1
2132,2,2
2133,0,0
2134,1,1
2135,2,2
2136,0,0
2137,1,1
2138,1,2
2139,1,1
2140,2,2
2141,1,1
2142,2,2
2143,1,1
2144,0,0
2145,0,1
2146,0,2
2147,0,0
2148,1,1
2149,2,2
2150,1,1
2151,1,1
2152,0,0
2153,2,2
2154,0,0
2155,2,2
2156,1,1
2157,2,2
2158,0,0
2159,0,1
2160,2,2
2161,0,0
2162,1,1
2163,2,2
2164,0,1
2165,0,0
2166,1,1
2167,0,0
2168,2,2
2169,0,0
2170,1,2
2171,1,1
2172,2,2
2173,2,2
2174,2,1
2175,2,2
2176,1,1
2177,0,0
2178,2,2
2179,1,1
2180,0,0
2181,2,2
2182,1,1
2183,0,0
2184,1,0
2185,0,0
2186,2,2
2187,2,2
2188,1,1
2189,2,1
2190,1,2
2191,1,1
2192,1,1
2193,2,2
2194,0,0
2195,2,1
2196,0,0
2197,0,1
2198,2,2
2199,2,1
2200,2,2
2201,0,0
2202,1,1
2203,2,2
2204,0,0
2205,1,1
2206,1,1
2207,0,0
2208,2,2
2209,1,1
2210,1,0
2211,1,1
2212,2,2
2213,1,0
2214,0,0
2215,2,2
2216,0,0
2217,2,2
2218,0,1
2219,0,0
2220,1,1
2221,0,0
2222,2,1
2223,2,2
2224,1,1
2225,2,0
2226,1,1
2227,2,2
2228,0,0
2229,1,1
2230,0,2
2231,0,0
2232,0,0
2233,2,2
2234,1,1
2235,2,2
2236,2,1
2237,2,0
2238,0,2
2239,0,0
2240,0,0
2241,0,0
2242,1,1
2243,2,2
2244,1,1
2245,2,2
2246,1,1
2247,2,2
2248,1,1
2249,0,0
2250,2,2
2251,0,1
2252,0,0
2253,0,1
2254,2,2
2255,0,0
2256,2,2
2257,1,1
2258,1,1
2259,2,2
2260,0,0
2261,0,0
2262,2,2
2263,1,1
2264,2,2
2265,0,0
2266,1,1
2267,1,1
2268,2,2
2269,1,1
2270,2,2
2271,1,1
2272,0,0
2273,2,2
2274,0,0
2275,1,1
2276,1,1
2277,2,2
2278,0,0
2279,0,1
2280,0,0
2281,2,2
2282,0,0
2283,0,1
2284,2,2
2285,0,0
2286,1,1
2287,1,2
2288,1,1
2289,0,0
2290,1,2
2291,1,1
2292,1,2
2293,0,0
2294,2,2
2295,0,0
2296,0,0
2297,2,2
2298,1,1
2299,2,1
2300,1,1
2301,1,1
2302,0,1
2303,1,1
2304,2,2
2305,0,0
2306,2,2
2307,0,0
2308,0,0
2309,1,0
2310,2,2
2311,1,1
2312,2,1
2313,0,0
2314,2,2
2315,0,0
2316,1,1
2317,2,2
2318,2,2
2319,0,0
2320,1,1
2321,0,0
2322,1,1
2323,2,2
2324,1,1
2325,2,2
2326,0,0
2327,0,0
2328,1,1
2329,2,2
2330,0,0
2331,0,1
2332,2,2
2333,2,2
2334,1,1
2335,0,0
2336,2,2
2337,0,0
2338,2,1
2339,2,1
2340,0,2
2341,0,0
2342,1,2
2343,1,1
2344,0,0
2345,1,1
2346,0,0
2347,2,2
2348,1,1
2349,0,1
2350,2,2
2351,1,1
2352,2,2
2353,0,0
2354,0,0
2355,1,1
2356,2,2
2357,0,0
2358,1,2
2359,1,1
2360,0,0
2361,1,2
2362,1,1
2363,1,1
2364,2,2
2365,0,0
2366,2,2
2367,1,1
2368,0,0
2369,0,0
2370,1,1
2371,2,2
2372,2,2
2373,0,1
2374,0,0
2375,2,2
2376,0,0
2377,1,1
2378,2,2
2379,2,1
2380,0,0
2381,1,1
2382,2,2
2383,1,1
2384,1,2
2385,0,0
2386,2,2
2387,1,1
2388,0,0
2389,2,2
2390,0,0
2391,1,1
2392,0,0
2393,2,2
2394,1,1
2395,0,0
2396,1,1
2397,2,2
2398,2,2
2399,0,1
2400,0,0
2401,1,1
2402,1,2
2403,0,0
2404,0,0
2405,1,1
2406,2,2
2407,0,0
2408,1,1
2409,2,2
2410,0,0
2411,0,0
2412,2,2
2413,2,2
2414,1,1
2415,0,1
2416,0,0
2417,2,2
2418,2,1
2419,2,1
2420,1,2
2421,2,0
2422,2,1
2423,0,0
2424,1,1
2425,1,1
2426,2,2
2427,0,0
2428,2,2
2429,0,0
2430,1,1
2431,0,0
2432,2,2
2433,0,0
2434,1,1
2435,2,2
2436,0,0
2437,1,1
2438,2,2
2439,0,0
2440,0,0
2441,0,2
2442,1,1
2443,2,2
2444,1,1
2445,0,0
2446,1,2
2447,0,1
2448,1,1
2449,2,2
2450,0,0
2451,1,1
2452,2,2
2453,1,1
2454,0,0
2455,2,2
2456,0,0
2457,1,1
2458,1,1
2459,0,0
2460,2,2
2461,0,0
2462,2,0
2463,0,0
2464,0,0
2465,1,1
2466,2,2
2467,0,0
2468,0,1
2469,2,2
2470,0,0
2471,0,1
2472,2,2
2473,0,2
2474,1,1
2475,0,0
2476,0,1
2477,2,2
2478,0,0
2479,2,2
2480,0,0
2481,1,1
2482,2,2
2483,1,1
2484,2,0
2485,0,0
2486,1,1
2487,2,2
2488,2,2
2489,1,1
2490,0,0
2491,2,2
2492,0,0
2493,1,0
2494,1,1
2495,2,2
2496,0,0
2497,0,1
2498,2,2
2499,0,0
2500,0,0
2501,2,1
2502,2,2
2503,2,2
2504,0,0
2505,0,0
2506,0,0
2507,0,0
2508,2,2
2509,2,2
2510,1,1
2511,0,0
2512,1,1
2513,2,2
2514,0,0
2515,0,0
2516,2,2
2517,1,1
2518,2,2
2519,1,1
2520,0,0
2521,1,2
2522,1,0
2523,0,0
2524,1,1
2525,2,2
2526,0,0
2527,1,1
2528,2,2
2529,0,0
2530,1,1
2531,2,2
2532,0,0
2533,2,2
2534,0,0
2535,0,1
2536,2,2
2537,0,0
2538,0,0
2539,2,2
2540,1,1
2541,0,0
2542,1,0
2543,1,1
2544,1,1
2545,1,1
2546,0,0
2547,2,2
2548,1,1
2549,0,2
2550,0,0
2551,0,0
2552,2,1
2553,2,1
2554,2,2
2555,1,1
2556,0,0
2557,1,2
2558,1,1
2559,0,0
2560,1,1
2561,1,2
2562,2,2
2563,0,0
2564,2,2
2565,1,1
2566,1,1
2567,2,2
2568,0,0
2569,1,1
2570,2,2
2571,0,0
2572,1,1
2573,2,2
2574,0,0
2575,2,2
2576,1,1
2577,0,0
2578,2,2
2579,1,1
2580,0,0
2581,0,0
2582,2,1
2583,0,2
2584,2,2
2585,1,1
2586,0,0
2587,2,2
2588,0,0
2589,1,1
2590,2,1
2591,0,0
2592,2,2
2593,0,1
2594,0,0
2595,2,2
2596,1,2
2597,0,0
2598,1,1
2599,2,2
2600,0,0
2601,1,1
2602,0,1
2603,0,0
2604,2,2
2605,0,0
2606,0,1
2607,1,2
2608,0,0
2609,2,1
2610,2,2
2611,2,1
2612,0,0
2613,2,2
2614,0,0
2615,1,1
2616,2,2
2617,1,0
2618,2,2
2619,1,1
2620,0,0
2621,1,1
2622,2,2
2623,0,0
2624,1,1
2625,0,0
2626,1,2
2627,0,2
2628,0,0
2629,1,1
2630,2,2
2631,2,2
2632,1,1
2633,0,0
2634,0,1
2635,2,2
2636,1,1
2637,1,1
2638,2,2
2639,0,0
2640,1,2
2641,0,0
2642,1,1
2643,0,0
2644,2,2
2645,1,1
2646,2,2
2647,1,1
2648,0,0
2649,2,2
2650,0,0
2651,1,1
2652,1,1
2653,2,2
2654,0,0
2655,0,0
2656,1,1
2657,1,2
2658,1,1
2659,0,1
2660,2,2
2661,1,1
2662,0,0
2663,0,2
2664,0,0
2665,2,1
2666,2,2
2667,1,1
2668,0,2
2669,0,0
2670,1,0
2671,0,0
2672,2,2
2673,0,0
2674,0,1
2675,2,2
2676,0,0
2677,2,2
2678,1,1
2679,2,2
2680,0,0
2681,1,2
2682,1,1
2683,0,0
2684,0,0
2685,1,1
2686,1,1
2687,2,2
2688,0,0
2689,1,1
2690,1,0
2691,2,2
2692,2,1
2693,2,2
2694,0,0
2695,2,2
2696,1,1
2697,0,0
2698,2,2
2699,1,1
2700,2,2
2701,0,0
2702,0,0
2703,2,2
2704,1,1
2705,0,1
2706,2,2
2707,0,0
2708,0,0
2709,2,2
2710,0,0
2711,1,1
2712,0,0
2713,1,1
2714,2,2
2715,0,0
2716,1,1
2717,2,2
2718,1,1
2719,0,0
2720,1,1
2721,2,2
2722,1,1
2723,0,0
2724,2,2
2725,0,0
2726,1,1
2727,2,2
2728,2,2
2729,0,0
2730,0,0
2731,0,0
2732,2,2
2733,1,1
2734,0,1
2735,2,2
2736,0,0
2737,0,0
2738,1,1
2739,2,2
2740,0,0
2741,2,2
2742,0,0
2743,0,0
2744,1,1
2745,2,2
2746,2,2
2747,1,1
2748,0,0
2749,0,0
2750,2,2
2751,1,0
2752,0,2
2753,0,0
2754,0,2
2755,0,0
2756,2,2
2757,1,1
2758,0,0
2759,2,1
2760,2,2
2761,0,0
2762,2,2
2763,1,1
2764,1,1
2765,2,2
2766,0,0
2767,0,0
2768,1,1
2769,2,2
2770,2,2
2771,1,1
2772,0,0
2773,2,2
2774,0,0
2775,1,1
2776,0,0
2777,0,0
2778,1,1
2779,0,0
2780,2,2
2781,0,0
2782,0,2
2783,2,1
2784,0,0
2785,2,2
2786,0,0
2787,1,1
2788,0,0
2789,2,2
2790,1,1
2791,0,0
2792,2,2
2793,1,1
2794,1,1
2795,0,0
2796,2,2
2797,2,2
2798,1,1
2799,1,2
2800,0,0
2801,1,1
2802,1,1
2803,0,0
2804,1,2
2805,0,0
2806,0,1
2807,1,1
2808,0,0
2809,2,1
2810,0,0
2811,2,1
2812,2,2
2813,2,2
2814,0,0
2815,1,1
2816,1,1
2817,1,2
2818,0,0
2819,2,2
2820,0,0
2821,1,1
2822,0,0
2823,2,1
2824,2,2
2825,2,2
2826,0,0
2827,0,0
2828,0,0
2829,2,2
2830,1,1
2831,0,0
2832,2,2
2833,1,1
2834,0,0
2835,2,2
2836,0,0
2837,1,1
2838,0,1
2839,2,2
2840,0,0
2841,2,2
2842,0,0
2843,0,0
2844,1,1
2845,2,2
2846,0,0
2847,1,0
2848,2,2
2849,2,2
2850,0,0
2851,0,0
2852,1,1
2853,0,0
2854,2,2
2855,1,1
2856,0,0
2857,2,2
2858,2,2
2859,2,2
2860,1,1
2861,1,2
2862,2,2
2863,0,0
2864,1,1
2865,0,0
2866,2,2
2867,1,1
2868,0,0
2869,2,2
2870,2,2
2871,1,1
2872,0,0
2873,2,2
2874,1,1
2875,1,1
2876,0,0
2877,2,2
2878,0,0
2879,1,1
2880,2,2
2881,1,0
2882,0,1
2883,2,2
2884,0,0
2885,1,1
2886,2,2
2887,1,1
2888,2,2
2889,0,1
2890,2,2
2891,0,0
2892,1,1
2893,1,1
2894,0,0
2895,2,2
2896,1,1
2897,0,0
2898,2,2
2899,2,2
2900,1,1
2901,0,0
2902,2,2
2903,0,0
2904,2,1
2905,2,2
2906,2,1
2907,0,0
2908,1,0
2909,2,2
2910,1,0
2911,0,0
2912,2,2
2913,0,1
2914,1,1
2915,0,0
2916,2,2
2917,0,1
2918,1,2
2919,2,2
2920,2,2
2921,0,0
2922,0,0
2923,2,2
2924,1,1
2925,2,2
2926,0,0
2927,1,1
2928,1,0
2929,0,0
2930,2,2
2931,1,1
2932,2,2
2933,0,0
2934,2,2
2935,1,1
2936,0,0
2937,0,0
2938,1,1
2939,0,2
2940,1,1
2941,2,2
2942,0,0
2943,1,1
2944,0,0
2945,2,2
2946,1,1
2947,2,2
2948,0,0
2949,1,1
2950,2,2
2951,0,0
2952,2,2
2953,0,0
2954,0,1
2955,2,2
2956,0,0
2957,0,0
2958,0,0
2959,0,0
2960,1,1
2961,0,0
2962,2,2
2963,0,0
2964,1,1
2965,2,2
2966,2,2
2967,0,0
2968,1,1
2969,2,2
2970,0,0
2971,1,1
2972,0,0
2973,1,1
2974,2,2
2975,0,0
2976,2,2
2977,1,1
2978,0,1
2979,2,2
2980,0,0
2981,0,0
2982,2,2
2983,1,1
2984,1,1
2985,2,2
2986,0,0
2987,0,0
2988,2,2
2989,1,1
2990,2,2
2991,0,0
2992,0,0
2993,0,0
2994,0,0
2995,0,0
2996,1,1
2997,2,2
2998,2,0
2999,2,2
3000,1,1
3001,1,1
3002,0,0
3003,2,2
3004,2,2
3005,1,1
3006,0,0
3007,0,0
3008,2,2
3009,1,1
3010,2,2
3011,1,1
3012,0,0
3013,0,0
3014,2,2
3015,1,1
3016,2,2
3017,0,0
3018,1,1
3019,1,1
3020,2,1
3021,2,2
3022,1,1
3023,0,0
3024,2,2
3025,2,2
3026,1,1
3027,0,0
3028,2,2
3029,0,0
3030,0,0
3031,1,1
3032,2,2
3033,0,0
3034,1,1
3035,2,2
3036,0,0
3037,0,0
3038,2,2
3039,1,1
3040,2,1
3041,0,0
3042,2,2
3043,1,1
3044,2,2
3045,0,0
3046,2,2
3047,0,0
3048,1,1
3049,2,2
3050,0,0
3051,1,1
3052,0,1
3053,0,0
3054,1,1
3055,0,2
3056,0,0
3057,0,0
3058,0,0
3059,2,2
3060,1,1
3061,1,1
3062,0,0
3063,1,2
3064,1,1
3065,2,2
3066,0,0
3067,2,2
3068,0,0
3069,1,1
3070,1,2
3071,0,0
3072,1,1
3073,1,1
3074,0,0
3075,2,2
3076,0,0
3077,2,2
3078,0,0
3079,2,2
3080,0,0
3081,1,1
3082,2,2
3083,0,0
3084,1,1
3085,2,2
3086,1,1
3087,0,0
3088,1,2
3089,0,0
3090,1,1
3091,0,1
3092,0,0
3093,2,2
3094,2,2
3095,0,0
3096,1,1
3097,0,0
3098,1,1
3099,2,2
3100,1,1
3101,2,2
3102,0,0
3103,0,0
3104,1,2
3105,0,0
3106,1,1
3107,2,2
3108,2,2
3109,0,0
3110,1,1
3111,1,1
3112,0,0
3113,2,2
3114,0,0
3115,1,1
3116,2,2
3117,2,2
3118,0,0
3119,1,1
3120,1,1
3121,2,2
3122,0,0
3123,1,1
3124,0,0
3125,2,1
3126,2,2
3127,0,0
3128,1,1
3129,0,0
3130,2,2
3131,1,1
3132,1,2
3133,1,1
3134,0,0
3135,2,2
3136,0,1
3137,0,0
3138,2,2
3139,2,1
3140,0,0
3141,0,0
3142,2,2
3143,1,1
3144,0,0
3145,0,1
3146,2,2
3147,1,0
3148,1,1
3149,2,2
3150,1,2
3151,0,0
3152,0,0
3153,1,1
3154,2,2
3155,1,0
3156,2,2
3157,1,1
3158,0,0
3159,1,1
3160,0,0
3161,1,2
3162,1,2
3163,0,1
3164,1,1
3165,0,0
3166,1,1
3167,2,2
3168,0,0
3169,2,2
3170,1,1
3171,0,0
3172,1,2
3173,1,1
3174,1,1
3175,1,1
3176,2,2
3177,1,1
3178,2,2
3179,0,0
3180,0,0
3181,1,1
3182,2,2
3183,0,1
3184,0,0
3185,1,2
3186,0,0
3187,2,2
3188,1,1
3189,0,0
3190,2,2
3191,1,1
3192,0,0
3193,1,1
3194,2,2
3195,2,2
3196,0,0
3197,0,1
3198,0,0
3199,1,1
3200,2,2
3201,1,1
3202,2,2
3203,0,0
3204,1,1
3205,2,2
3206,0,0
3207,1,1
3208,2,2
3209,0,0
3210,0,0
3211,1,2
3212,1,1
3213,1,0
3214,2,1
3215,1,0
3216,1,0
3217,2,2
3218,1,2
3219,1,1
3220,2,2
3221,0,0
3222,0,0
3223,1,1
3224,2,2
3225,2,2
3226,0,0
3227,1,1
3228,2,2
3229,0,0
3230,0,1
3231,0,0
3232,1,1
3233,2,2
3234,0,0
3235,1,1
3236,2,2
3237,1,1
3238,0,0
3239,2,2
3240,0,0
3241,2,2
3242,1,1
3243,0,1
3244,0,0
3245,2,2
3246,2,2
3247,1,1
3248,1,1
3249,2,2
3250,1,0
3251,0,0
3252,0,0
3253,2,2
3254,1,1
3255,2,2
3256,1,1
3257,0,0
3258,0,0
3259,1,1
3260,2,2
3261,0,0
3262,1,1
3263,2,2
3264,1,1
3265,2,2
3266,0,0
3267,2,2
3268,0,0
3269,0,0
3270,0,0
3271,2,2
3272,0,1
3273,2,1
3274,1,1
3275,0,0
3276,2,2
3277,1,1
3278,0,0
3279,0,1
3280,0,0
3281,1,2
3282,1,1
3283,0,0
3284,1,2
3285,2,2
3286,2,1
3287,0,0
3288,0,0
3289,1,2
3290,2,2
3291,1,1
3292,0,0
3293,0,0
3294,2,2
3295,1,1
3296,0,2
3297,0,2
3298,2,2
3299,0,0
3300,0,0
3301,2,2
3302,0,0
3303,1,1
3304,2,2
3305,1,1
3306,2,2
3307,0,0
3308,1,1
3309,0,0
3310,2,2
3311,2,2
3312,0,1
3313,0,0
3314,1,1
3315,2,2
3316,0,0
3317,0,0
3318,1,2
3319,1,1
3320,2,2
3321,0,0
3322,1,1
3323,1,1
3324,2,2
3325,0,0
3326,1,1
3327,0,0
3328,2,2
3329,0,0
3330,2,2
3331,0,0
3332,0,0
3333,0,0
3334,2,2
3335,2,2
3336,2,1
3337,0,0
3338,0,0
3339,1,1
3340,0,2
3341,1,2
3342,0,0
3343,1,1
3344,1,1
3345,0,0
3346,1,2
3347,2,2
3348,1,1
3349,0,0
3350,2,2
3351,1,1
3352,0,0
3353,0,0
3354,2,2
3355,1,1
3356,0,0
3357,2,2
3358,0,0
3359,1,1
3360,0,0
3361,2,2
3362,0,0
3363,0,2
3364,1,1
3365,0,0
3366,2,2
3367,1,1
3368,0,0
3369,2,2
3370,1,1
3371,2,2
3372,1,1
3373,0,0
3374,2,2
3375,0,0
3376,1,1
3377,1,1
3378,1,0
3379,2,2
3380,0,1
3381,2,2
3382,0,0
3383,1,1
3384,0,2
3385,1,1
3386,0,0
3387,2,2
3388,1,1
3389,2,2
3390,0,0
3391,1,1
3392,2,2
3393,0,0
3394,0,0
3395,0,1
3396,2,2
3397,1,1
3398,0,0
3399,2,2
3400,2,2
3401,1,1
3402,1,0
3403,2,2
3404,1,1
3405,0,0
3406,0,0
3407,2,2
3408,1,1
3409,2,2
3410,0,0
3411,1,1
3412,1,2
3413,0,0
3414,1,1
3415,1,1
3416,0,2
3417,0,0
3418,1,1
3419,2,2
3420,0,0
3421,0,0
3422,2,2
3423,1,1
3424,0,2
3425,0,0
3426,0,1
3427,1,1
3428,0,0
3429,2,2
3430,1,1
3431,2,2
3432,1,1
3433,0,0
3434,0,0
3435,2,2
3436,1,1
3437,0,0
3438,1,2
3439,1,1
3440,0,0
3441,2,2
3442,0,0
3443,1,1
3444,2,2
3445,0,0
3446,1,1
3447,2,2
3448,1,0
3449,1,1
3450,0,2
3451,0,0
3452,1,1
3453,2,2
3454,0,0
3455,2,1
3456,2,2
3457,1,2
3458,0,0
3459,1,1
3460,0,0
3461,0,0
3462,2,2
3463,1,2
3464,2,1
3465,0,0
3466,0,0
3467,2,2
3468,0,0
3469,2,2
3470,1,1
3471,0,0
3472,1,1
3473,2,2
3474,1,1
3475,0,0
3476,2,2
3477,1,1
3478,1,0
3479,2,2
3480,0,0
3481,2,2
3482,2,2
3483,0,0
3484,1,1
3485,2,2
3486,2,2
3487,1,1
3488,0,0
3489,0,0
3490,1,1
3491,2,2
3492,2,2
3493,0,0
3494,1,1
3495,2,2
3496,0,0
3497,1,1
3498,0,0
3499,1,1
3500,2,2
3501,0,0
3502,2,1
3503,1,1
3504,1,1
3505,1,2
3506,0,0
3507,1,1
3508,0,0
3509,0,2
3510,0,0
3511,2,2
3512,1,1
3513,0,0
3514,0,1
3515,0,0
3516,2,1
3517,2,2
3518,0,0
3519,2,2
3520,1,1
3521,0,1
3522,0,0
3523,0,2
3524,2,2
3525,0,0
3526,1,1
3527,2,1
3528,0,0
3529,0,0
3530,2,2
3531,0,1
3532,2,2
3533,0,0
3534,1,1
3535,0,0
3536,1,1
3537,2,2
3538,2,2
3539,0,0
3540,1,1
3541,0,0
3542,2,2
3543,1,1
3544,1,1
3545,0,0
3546,1,1
3547,0,0
3548,2,2
3549,1,1
3550,2,2
3551,0,1
3552,1,1
3553,0,0
3554,2,2
3555,1,1
3556,2,2
3557,0,0
3558,0,1
3559,0,0
3560,1,1
3561,2,2
3562,2,2
3563,0,0
3564,1,1
3565,2,2
3566,1,1
3567,0,0
3568,1,0
3569,2,2
3570,1,0
3571,0,0
3572,1,1
3573,2,2
3574,2,2
3575,1,1
3576,0,0
3577,0,0
3578,2,2
3579,1,1
3580,2,2
3581,1,1
3582,0,0
3583,0,0
3584,2,2
3585,1,1
3586,1,1
3587,2,2
3588,0,0
3589,1,0
3590,0,0
3591,2,2
3592,2,2
3593,1,1
3594,0,0
3595,1,1
3596,2,2
3597,0,0
3598,2,2
3599,0,0
3600,0,1
3601,0,1
3602,1,1
3603,1,2
3604,0,0
3605,2,1
3606,1,1
3607,1,1
3608,1,0
3609,2,2
3610,1,0
3611,1,2
3612,0,0
3613,1,1
3614,2,2
3615,2,2
3616,1,1
3617,0,1
3618,1,0
3619,2,2
3620,2,2
3621,2,2
3622,0,0
3623,1,1
3624,0,0
3625,2,2
3626,1,1
3627,0,0
3628,2,2
3629,0,0
3630,1,1
3631,0,0
3632,2,2
3633,1,1
3634,0,2
3635,0,0
3636,0,0
3637,1,1
3638,2,2
3639,1,1
3640,0,0
3641,2,2
3642,0,0
3643,2,2
3644,0,0
3645,0,0
3646,2,2
3647,1,1
3648,0,1
3649,0,0
3650,2,2
3651,1,1
3652,2,2
3653,0,0
3654,2,2
3655,1,1
3656,0,0
3657,2,2
3658,1,1
3659,1,0
3660,1,1
3661,1,2
3662,1,0
3663,1,1
3664,0,0
3665,2,2
3666,0,0
3667,0,0
3668,2,2
3669,2,2
3670,0,1
3671,0,0
3672,2,2
3673,0,0
3674,1,1
3675,0,2
3676,0,0
3677,0,1
3678,0,0
3679,2,2
3680,1,1
3681,0,0
3682,1,2
3683,1,1
3684,2,2
3685,0,0
3686,1,1
3687,2,2
3688,0,0
3689,1,1
3690,0,0
3691,2,2
3692,2,2
3693,0,0
3694,1,1
3695,0,0
3696,1,2
3697,1,2
3698,2,2
3699,1,1
3700,0,0
3701,0,0
3702,1,1
3703,2,2
3704,1,1
3705,2,2
3706,0,0
3707,1,1
3708,0,0
3709,2,2
3710,2,2
3711,0,0
3712,1,1
3713,1,1
3714,2,2
3715,0,0
3716,0,0
3717,1,1
3718,2,2
3719,1,1
3720,2,2
3721,0,0
3722,1,1
3723,2,2
3724,0,0
3725,1,1
3726,2,2
3727,0,0
3728,1,1
3729,2,2
3730,0,0
3731,1,1
3732,2,2
3733,0,0
3734,0,0
3735,2,2
3736,1,1
3737,0,0
3738,0,2
3739,1,1
3740,2,2
3741,0,0
3742,1,1
3743,0,0
3744,1,1
3745,2,2
3746,2,2
3747,0,0
3748,0,0
3749,2,1
3750,2,2
3751,0,0
3752,2,2
3753,0,0
3754,1,0
3755,0,0
3756,2,1
3757,1,1
3758,0,0
3759,1,1
3760,0,2
3761,2,2
3762,1,1
3763,1,1
3764,0,0
3765,0,1
3766,2,2
3767,2,2
3768,1,1
3769,0,0
3770,2,2
3771,0,0
3772,1,1
3773,1,1
3774,0,0
3775,2,2
3776,2,2
3777,0,0
3778,1,1
3779,0,0
3780,2,2
3781,1,1
3782,1,1
3783,0,0
3784,2,2
3785,2,2
3786,1,1
3787,0,0
3788,0,0
3789,2,2
3790,0,0
3791,1,1
3792,2,2
3793,1,1
3794,0,0
3795,2,2
3796,2,2
3797,0,0
3798,0,1
3799,2,2
3800,2,1
3801,1,0
3802,0,0
3803,2,2
3804,1,1
3805,1,0
3806,0,0
3807,2,2
3808,2,2
3809,0,1
3810,1,1
3811,0,0
3812,2,2
3813,1,1
3814,0,0
3815,0,1
3816,2,2
3817,1,1
3818,0,0
3819,2,2
3820,0,0
3821,1,1
3822,2,2
3823,1,1
3824,0,0
3825,1,2
3826,2,2
3827,1,1
3828,0,0
3829,2,2
3830,0,0
3831,0,0
3832,2,2
3833,0,0
3834,2,2
3835,1,1
3836,0,0
3837,2,1
3838,2,2
3839,0,0
3840,0,0
3841,0,0
3842,2,2
3843,0,0
3844,2,2
3845,1,1
3846,2,2
3847,1,1
3848,1,2
3849,0,0
3850,0,1
3851,0,0
3852,2,2
3853,1,1
3854,1,1
3855,0,1
3856,2,2
3857,2,2
3858,0,0
3859,0,0
3860,2,2
3861,0,2
3862,0,0
3863,1,2
3864,1,1
3865,0,0
3866,0,1
3867,2,2
3868,1,1
3869,0,0
3870,2,2
3871,1,1
3872,2,2
3873,0,1
3874,0,0
3875,0,0
3876,2,2
3877,1,1
3878,0,0
3879,1,1
3880,2,2
3881,2,2
3882,0,0
3883,1,0
3884,2,2
3885,0,0
3886,1,1
3887,1,1
3888,2,2
3889,0,0
3890,1,1
3891,1,2
3892,0,0
3893,1,1
3894,2,2
3895,0,0
3896,0,0
3897,2,2
3898,1,1
3899,2,2
3900,1,1
3901,0,0
3902,2,2
3903,0,0
3904,0,1
3905,0,0
3906,1,1
3907,2,2
3908,1,1
3909,2,2
3910,0,0
3911,1,1
3912,0,0
3913,2,2
3914,2,2
3915,0,0
3916,1,1
3917,0,0
3918,1,1
3919,2,2
3920,1,1
3921,0,0
3922,2,2
3923,0,0
3924,2,2
3925,1,1
3926,1,1
3927,0,0
3928,2,2
3929,1,2
3930,0,0
3931,1,1
3932,0,1
3933,1,1
3934,2,2
3935,1,1
3936,2,2
3937,0,0
3938,1,1
3939,1,1
3940,0,0
3941,2,2
3942,0,0
3943,1,2
3944,2,2
3945,0,1
3946,0,0
3947,2,1
3948,2,2
3949,0,0
3950,1,1
3951,0,0
3952,1,1
3953,1,1
3954,1,1
3955,2,2
3956,0,0
3957,0,2
3958,2,2
3959,2,2
3960,1,0
3961,1,1
3962,0,0
3963,2,1
3964,2,2
3965,2,2
3966,0,1
3967,1,1
3968,2,2
3969,1,1
3970,1,0
3971,0,0
3972,1,1
3973,2,2
3974,0,2
3975,1,1
3976,0,0
3977,2,2
3978,0,0
3979,1,1
3980,1,1
3981,1,0
3982,2,2
3983,2,2
3984,1,0
3985,0,0
3986,1,2
3987,0,0
3988,0,1
3989,2,2
3990,2,1
3991,0,0
3992,2,2
3993,0,0
3994,1,1
3995,0,0
3996,1,1
3997,2,2
3998,2,2
3999,0,0
4000,0,0
4001,1,1
4002,2,2
4003,0,0
4004,2,2
4005,0,0
4006,0,0
4007,0,0
4008,2,2
4009,0,0
4010,1,1
4011,2,2
4012,2,2
4013,2,0
4014,1,0
4015,1,1
4016,1,2
4017,0,0
4018,1,1
4019,0,0
4020,2,2
4021,0,0
4022,1,1
4023,2,2
4024,2,1
4025,0,0
4026,2,1
4027,1,1
4028,0,0
4029,2,2
4030,1,1
4031,2,2
4032,0,0
4033,0,0
4034,2,2
4035,1,1
4036,0,0
4037,1,1
4038,2,2
4039,0,0
4040,1,1
4041,0,2
4042,0,0
4043,2,2
4044,1,1
4045,1,1
4046,2,2
4047,0,0
4048,0,0
4049,2,2
4050,1,1
4051,0,0
4052,2,2
4053,1,1
4054,0,1
4055,2,2
4056,0,0
4057,0,0
4058,0,2
4059,1,1
4060,2,2
4061,0,0
4062,0,0
4063,2,2
4064,1,1
4065,0,0
4066,2,2
4067,2,1
4068,2,2
4069,1,1
4070,1,0
4071,0,0
4072,0,2
4073,1,1
4074,2,2
4075,1,1
4076,0,0
4077,0,0
4078,1,0
4079,2,2
4080,0,0
4081,2,2
4082,0,1
4083,1,1
4084,0,0
4085,2,2
4086,1,1
4087,1,1
4088,2,2
4089,0,1
4090,2,2
4091,0,0
4092,0,2
4093,2,0
4094,1,1
4095,2,2
4096,1,1
4097,0,0
4098,0,0
4099,2,2
4100,1,1
4101,2,2
4102,0,0
4103,1,1
4104,2,2
4105,0,0
4106,1,1
4107,1,1
4108,0,0
4109,2,2
4110,0,1
4111,2,2
4112,0,0
4113,2,2
4114,1,1
4115,0,0
4116,2,2
4117,0,0
4118,1,1
4119,2,2
4120,0,0
4121,1,1
4122,0,0
4123,1,2
4124,1,1
4125,0,1
4126,2,2
4127,0,0
4128,2,2
4129,0,1
4130,0,0
4131,2,1
4132,0,0
4133,0,0
4134,2,2
4135,1,1
4136,2,2
4137,0,0
4138,0,1
4139,0,0
4140,1,1
4141,2,2
4142,2,2
4143,0,0
4144,1,1
4145,2,2
4146,0,0
4147,1,1
4148,2,0
4149,0,1
4150,2,2
4151,1,1
4152,0,0
4153,2,2
4154,0,0
4155,2,2
4156,0,0
4157,1,1
4158,2,2
4159,1,1
4160,0,2
4161,0,0
4162,2,2
4163,0,1
4164,0,0
4165,1,1
4166,2,2
4167,0,0
4168,1,1
4169,2,2
4170,0,0
4171,2,2
4172,1,1
4173,0,1
4174,2,2
4175,0,0
4176,2,2
4177,0,0
4178,1,1
4179,2,1
4180,2,2
4181,0,0
4182,0,1
4183,1,1
4184,1,2
4185,0,1
4186,0,0
4187,2,2
4188,0,0
4189,1,1
4190,2,2
4191,1,1
4192,0,0
4193,2,2
4194,0,0
4195,1,2
4196,0,0
4197,0,1
4198,0,0
4199,2,1
4200,1,1
4201,0,1
4202,2,2
4203,1,1
4204,1,1
4205,2,2
4206,0,0
4207,2,2
4208,1,0
4209,2,2
4210,1,1
4211,0,0
4212,0,0
4213,1,1
4214,2,2
4215,0,1
4216,2,2
4217,0,0
4218,0,0
4219,1,1
4220,2,2
4221,1,1
4222,0,0
4223,2,2
4224,2,2
4225,1,1
4226,0,0
4227,0,1
4228,0,0
4229,2,2
4230,1,1
4231,2,2
4232,0,0
4233,2,2
4234,0,0
4235,1,1
4236,2,1
4237,0,0
4238,2,2
4239,0,0
4240,2,2
4241,0,0
4242,1,1
4243,1,2
4244,1,1
4245,0,0
4246,2,2
4247,1,1
4248,2,2
4249,0,0
4250,0,0
4251,2,2
4252,1,1
4253,2,2
4254,0,0
4255,1,1
4256,2,2
4257,1,1
4258,0,0
4259,2,2
4260,1,1
4261,0,0
4262,2,1
4263,2,2
4264,1,1
4265,2,1
4266,1,1
4267,0,0
4268,2,2
4269,1,1
4270,0,0
4271,1,1
4272,0,0
4273,2,2
4274,2,2
4275,1,1
4276,0,0
4277,0,0
4278,2,2
4279,1,1
4280,2,2
4281,0,0
4282,2,1
4283,0,0
4284,1,1
4285,2,2
4286,1,2
4287,0,0
4288,1,1
4289,0,2
4290,1,1
4291,0,0
4292,0,0
4293,2,2
4294,1,0
4295,1,1
4296,0,0
4297,2,2
4298,1,1
4299,1,2
4300,1,0
4301,0,0
4302,1,1
4303,2,2
4304,0,0
4305,1,1
4306,2,2
4307,0,0
4308,2,2
4309,2,1
4310,0,0
4311,0,2
4312,1,1
4313,2,2
4314,0,0
4315,1,1
4316,2,0
4317,1,1
4318,2,2
4319,1,1
4320,0,0
4321,2,2
4322,0,0
4323,2,1
4324,2,2
4325,0,0
4326,2,2
4327,0,0
4328,0,0
4329,1,1
4330,2,2
4331,1,1
4332,0,0
4333,2,2
4334,0,0
4335,2,2
4336,1,1
4337,0,0
4338,2,2
4339,1,1
4340,1,1
4341,2,2
4342,0,0
4343,1,1
4344,0,0
4345,2,2
4346,0,0
4347,1,1
4348,0,2
4349,2,2
4350,1,1
4351,0,0
4352,0,0
4353,2,2
4354,2,2
4355,0,0
4356,0,1
4357,2,2
4358,1,1
4359,0,0
4360,0,0
4361,2,2
4362,1,1
4363,0,0
4364,1,1
4365,2,2
4366,2,2
4367,1,1
4368,2,2
4369,0,0
4370,1,2
4371,2,2
4372,0,0
4373,0,1
4374,2,2
4375,1,1
4376,2,2
4377,0,1
4378,0,0
4379,1,1
4380,2,2
4381,2,2
4382,0,0
4383,0,0
4384,1,1
4385,2,2
4386,2,2
4387,2,2
4388,1,1
4389,2,2
4390,0,0
4391,1,1
4392,2,2
4393,2,1
4394,1,1
4395,0,2
4396,0,0
4397,1,1
4398,1,1
4399,2,2
4400,2,2
4401,0,0
4402,1,1
4403,1,1
4404,1,2
4405,0,0
4406,0,0
4407,1,1
4408,2,2
4409,1,1
4410,2,2
4411,1,0
4412,2,2
4413,1,1
4414,0,0
4415,2,2
4416,2,1
4417,0,0
4418,1,1
4419,0,0
4420,2,2
4421,2,2
4422,1,1
4423,0,0
4424,1,2
4425,1,2
4426,1,1
4427,0,0
4428,1,1
4429,1,1
4430,0,0
4431,1,1
4432,2,2
4433,2,2
4434,1,1
4435,1,0
4436,1,1
4437,0,0
4438,2,2
4439,2,2
4440,0,0
4441,2,1
4442,2,2
4443,0,0
4444,1,1
4445,2,2
4446,1,1
4447,0,0
4448,2,2
4449,0,0
4450,0,0
4451,2,2
4452,1,1
4453,0,0
4454,0,0
4455,2,0
4456,2,2
4457,0,0
4458,1,1
4459,2,2
4460,1,1
4461,2,2
4462,0,0
4463,2,2
4464,0,1
4465,0,0
4466,2,2
4467,1,1
4468,0,0
4469,1,2
4470,1,0
4471,2,2
4472,0,0
4473,1,1
4474,2,2
4475,2,1
4476,0,0
4477,2,2
4478,2,2
4479,1,1
4480,0,0
4481,2,2
4482,0,0
4483,1,1
4484,2,2
4485,1,0
4486,1,1
4487,0,1
4488,1,2
4489,0,1
4490,0,0
4491,2,2
4492,0,0
4493,0,1
4494,1,1
4495,0,0
4496,2,2
4497,2,1
4498,0,1
4499,2,2
4500,2,2
4501,0,2
4502,2,1
4503,2,2
4504,1,0
4505,0,0
4506,0,0
4507,1,1
4508,2,2
4509,0,0
4510,2,2
4511,0,1
4512,1,1
4513,0,0
4514,2,2
4515,1,2
4516,0,2
4517,2,2
4518,1,1
4519,2,2
4520,0,0
4521,0,0
4522,0,0
4523,1,1
4524,0,0
4525,2,2
4526,2,2
4527,1,1
4528,0,0
4529,1,1
4530,0,2
4531,1,1
4532,2,2
4533,0,0
4534,1,1
4535,2,2
4536,0,0
4537,0,0
4538,1,1
4539,2,2
4540,1,1
4541,0,1
4542,2,2
4543,0,0
4544,0,1
4545,2,2
4546,2,2
4547,0,0
4548,1,1
4549,0,2
4550,1,1
4551,0,0
4552,1,1
4553,0,0
4554,2,2
4555,2,2
4556,0,0
4557,1,1
4558,2,2
4559,1,0
4560,1,1
4561,0,0
4562,1,2
4563,1,1
4564,1,1
4565,0,0
4566,1,2
4567,0,0
4568,1,1
4569,2,2
4570,1,1
4571,2,2
4572,1,1
4573,0,0
4574,1,1
4575,2,2
4576,2,2
4577,0,0
4578,1,1
4579,0,0
4580,0,0
4581,2,2
4582,2,2
4583,0,0
4584,1,1
4585,0,0
4586,1,1
4587,2,2
4588,2,2
4589,1,1
4590,0,0
4591,1,1
4592,2,2
4593,0,0
4594,0,0
4595,0,1
4596,2,2
4597,1,1
4598,0,0
4599,2,2
4600,2,2
4601,1,1
4602,0,0
4603,0,0
4604,2,2
4605,0,0
4606,1,2
4607,2,2
4608,0,2
4609,1,1
4610,2,2
4611,0,0
4612,1,1
4613,0,0
4614,2,2
4615,2,2
4616,0,0
4617,1,1
4618,0,0
4619,0,0
4620,2,2
4621,2,2
4622,1,1
4623,1,1
4624,2,2
4625,0,0
4626,1,1
4627,2,2
4628,1,1
4629,0,0
4630,0,0
4631,0,0
4632,2,2
4633,1,2
4634,0,0
4635,1,1
4636,2,2
4637,1,1
4638,0,0
4639,0,1
4640,2,2
4641,0,0
4642,0,1
4643,2,2
4644,0,0
4645,0,1
4646,2,1
4647,2,2
4648,1,0
4649,1,1
4650,0,2
4651,0,0
4652,1,1
4653,0,0
4654,1,2
4655,1,1
4656,2,2
4657,0,0
4658,0,0
4659,1,1
4660,2,2
4661,1,0
4662,2,2
4663,1,1
4664,0,0
4665,1,2
4666,2,2
4667,1,1
4668,2,2
4669,0,0
4670,2,2
4671,0,0
4672,1,1
4673,0,0
4674,1,1
4675,0,2
4676,1,0
4677,2,2
4678,1,0
4679,1,0
4680,2,2
4681,0,0
4682,2,2
4683,1,1
4684,0,0
4685,0,0
4686,1,1
4687,2,2
4688,0,0
4689,1,1
4690,2,2
4691,2,2
4692,0,0
4693,1,1
4694,0,0
4695,1,1
4696,2,2
4697,1,2
4698,1,1
4699,0,0
4700,1,1
4701,2,2
4702,0,0
4703,2,2
4704,1,1
4705,0,0
4706,1,1
4707,0,0
4708,2,2
4709,0,0
4710,2,2
4711,1,1
4712,2,2
4713,1,1
4714,0,0
4715,1,1
4716,2,2
4717,0,0
4718,0,0
4719,1,1
4720,2,2
4721,0,2
4722,0,1
4723,2,2
4724,0,0
4725,1,1
4726,2,2
4727,2,2
4728,0,0
4729,1,1
4730,2,2
4731,1,1
4732,0,0
4733,1,1
4734,2,2
4735,0,0
4736,0,0
4737,2,2
4738,2,2
4739,1,1
4740,2,1
4741,0,0
4742,1,1
4743,2,2
4744,1,2
4745,0,0
4746,2,2
4747,2,2
4748,0,0
4749,1,1
4750,1,1
4751,1,0
4752,2,2
4753,2,2
4754,0,0
4755,1,1
4756,1,1
4757,0,0
4758,2,2
4759,1,1
4760,0,0
4761,2,2
4762,2,2
4763,1,1
4764,0,0
4765,1,1
4766,2,2
4767,0,0
4768,0,0
4769,2,2
4770,1,1
4771,2,2
4772,0,0
4773,1,1
4774,2,2
4775,0,0
4776,1,0
4777,0,0
4778,2,2
4779,2,1
4780,0,0
4781,2,2
4782,1,1
4783,1,1
4784,1,2
4785,0,0
4786,2,2
4787,0,0
4788,1,1
4789,1,1
4790,1,2
4791,0,0
4792,2,2
4793,0,0
4794,1,1
4795,2,2
4796,0,0
4797,0,0
4798,1,1
4799,2,2
4800,0,0
4801,2,2
4802,1,1
4803,0,0
4804,0,0
4805,2,2
4806,1,1
4807,2,2
4808,1,1
4809,0,0
4810,1,1
4811,2,2
4812,0,0
4813,0,0
4814,2,2
4815,0,1
4816,2,2
4817,2,1
4818,0,0
4819,2,2
4820,1,1
4821,0,0
4822,0,0
4823,0,0
4824,2,2
4825,1,1
4826,2,2
4827,0,0
4828,0,0
4829,2,2
4830,1,1
4831,0,1
4832,1,2
4833,1,1
4834,0,0
4835,0,1
4836,0,0
4837,0,0
4838,1,1
4839,2,2
4840,2,2
4841,1,1
4842,0,0
4843,2,2
4844,0,0
4845,1,1
4846,0,0
4847,2,2
4848,1,1
4849,2,2
4850,0,0
4851,1,1
4852,1,2
4853,2,1
4854,1,1
4855,1,1
4856,2,2
4857,0,0
4858,0,0
4859,1,1
4860,2,2
4861,0,0
4862,2,2
4863,1,1
4864,1,1
4865,2,2
4866,1,1
4867,0,0
4868,1,1
4869,2,2
4870,1,1
4871,2,2
4872,0,0
4873,2,2
4874,0,0
4875,1,1
4876,2,2
4877,1,1
4878,0,0
4879,2,2
4880,0,0
4881,1,1
4882,2,2
4883,0,0
4884,1,1
4885,1,1
4886,2,2
4887,1,1
4888,2,2
4889,0,0
4890,0,0
4891,0,0
4892,1,1
4893,2,2
4894,2,2
4895,1,1
4896,0,0
4897,0,0
4898,2,2
4899,1,1
4900,1,0
4901,2,2
4902,1,1
4903,2,2
4904,0,0
4905,1,1
4906,0,0
4907,1,1
4908,2,2
4909,2,2
4910,0,1
4911,1,1
4912,2,2
4913,0,0
4914,0,1
4915,2,1
4916,0,0
4917,2,2
4918,0,1
4919,0,2
4920,1,1
4921,0,0
4922,2,2
4923,1,1
4924,0,0
4925,2,1
4926,2,2
4927,0,0
4928,1,1
4929,2,2
4930,2,2
4931,0,0
4932,1,1
4933,2,2
4934,1,1
4935,0,0
4936,0,0
4937,1,2
4938,2,1
4939,0,0
4940,2,2
4941,1,1
4942,2,2
4943,0,0
4944,1,1
4945,0,0
4946,1,1
4947,2,2
4948,1,1
4949,2,2
4950,0,0
4951,1,1
4952,0,0
4953,2,2
4954,2,2
4955,1,1
4956,0,0
4957,1,0
4958,2,2
4959,0,0
4960,2,2
4961,1,1
4962,2,0
4963,0,0
4964,0,1
4965,2,2
4966,1,1
4967,1,0
4968,1,2
4969,0,0
4970,1,1
4971,2,2
4972,0,2
4973,1,1
4974,0,0
4975,0,0
4976,2,2
4977,1,1
4978,0,0
4979,0,2
4980,1,0
4981,2,2
4982,0,0
4983,1,2
4984,1,1
4985,0,0
4986,2,2
4987,2,2
4988,2,1
4989,0,0
4990,1,0
4991,1,1
4992,0,0
4993,2,2
4994,2,2
4995,0,0
4996,0,0
4997,2,1
4998,2,2
4999,0,0
5000,0,0
5001,1,2
5002,2,2
5003,0,0
5004,1,1
5005,0,0
5006,1,1
5007,2,2
5008,2,2
5009,0,0
5010,1,1
5011,0,0
5012,1,1
5013,2,2
5014,2,2
5015,1,1
5016,0,0
5017,1,1
5018,2,2
5019,0,0
5020,1,1
5021,0,0
5022,0,2
5023,2,2
5024,1,1
5025,2,2
5026,0,0
5027,0,1
5028,1,1
5029,0,0
5030,2,2
5031,2,2
5032,0,1
5033,0,0
5034,0,0
5035,1,1
5036,2,2
5037,1,1
5038,0,1
5039,0,0
5040,1,0
5041,1,1
5042,1,1
5043,2,2
5044,0,0
5045,2,1
5046,0,0
5047,1,1
5048,2,2
5049,2,0
5050,2,2
5051,1,1
5052,1,1
5053,2,2
5054,0,0
5055,2,2
5056,0,1
5057,0,0
5058,2,2
5059,0,0
5060,1,1
5061,2,2
5062,1,0
5063,1,1
5064,1,1
5065,0,0
5066,1,2
5067,2,2
5068,0,0
5069,1,1
5070,1,0
5071,1,2
5072,1,1
5073,2,2
5074,0,0
5075,1,1
5076,0,0
5077,1,1
5078,2,2
5079,1,1
5080,2,2
5081,0,0
5082,0,0
5083,2,2
5084,1,1
5085,1,1
5086,0,0
5087,2,2
5088,2,2
5089,0,0
5090,0,0
5091,1,1
5092,2,2
5093,0,0
5094,0,0
5095,2,2
5096,0,0
5097,0,0
5098,2,2
5099,0,1
5100,0,0
5101,2,2
5102,1,1
5103,0,0
5104,1,0
5105,2,2
5106,1,1
5107,0,0
5108,2,2
5109,1,2
5110,2,1
5111,0,0
5112,1,1
5113,0,0
5114,2,2
5115,1,1
5116,2,2
5117,1,0
5118,2,2
5119,1,1
5120,0,0
5121,0,0
5122,1,1
5123,1,2
5124,2,2
5125,2,1
5126,0,0
5127,0,2
5128,1,1
5129,1,1
5130,1,1
5131,2,2
5132,0,0
5133,1,0
5134,0,2
5135,1,1
5136,1,1
5137,0,0
5138,2,2
5139,1,2
5140,1,1
5141,0,0
5142,0,2
5143,0,0
5144,1,1
5145,2,2
5146,1,1
5147,0,0
5148,0,0
5149,1,1
5150,2,2
5151,2,2
5152,0,0
5153,1,1
5154,0,0
5155,2,2
5156,1,1
5157,1,0
5158,0,0
5159,2,2
5160,1,1
5161,0,0
5162,0,0
5163,2,2
5164,0,1
5165,2,2
5166,1,1
5167,0,0
5168,2,2
5169,0,0
5170,0,0
5171,1,1
5172,0,0
5173,2,2
5174,2,2
5175,1,1
5176,0,0
5177,1,1
5178,1,0
5179,2,2
5180,0,0
5181,1,1
5182,0,2
5183,0,0
5184,1,1
5185,2,2
5186,0,0
5187,0,1
5188,2,2
5189,1,1
5190,2,2
5191,0,0
5192,1,1
5193,2,2
5194,0,0
5195,0,0
5196,1,1
5197,2,2
5198,0,0
5199,1,0
5200,2,2
5201,1,2
5202,0,1
5203,0,0
5204,1,1
5205,0,0
5206,2,2
5207,1,1
5208,0,0
5209,2,2
5210,1,1
5211,1,1
5212,2,2
5213,2,2
5214,1,1
5215,0,0
5216,2,2
5217,1,1
5218,0,0
5219,0,2
5220,1,1
5221,0,0
5222,0,0
5223,1,1
5224,2,2
5225,0,0
5226,0,1
5227,2,2
5228,0,0
5229,0,2
5230,1,1
5231,0,0
5232,2,2
5233,1,1
5234,1,1
5235,0,0
5236,1,2
5237,0,0
5238,2,2
5239,1,1
5240,1,2
5241,2,2
5242,0,2
5243,2,2
5244,0,0
5245,1,0
5246,2,2
5247,0,0
5248,1,1
5249,1,2
5250,0,0
5251,0,0
5252,0,0
5253,2,2
5254,1,1
5255,2,2
5256,0,0
5257,0,1
5258,0,0
5259,1,0
5260,2,2
5261,1,1
5262,0,0
5263,2,2
5264,2,2
5265,0,0
5266,0,0
5267,1,2
5268,0,0
5269,2,2
5270,2,1
5271,1,1
5272,0,0
5273,2,2
5274,1,1
5275,0,0
5276,2,2
5277,2,2
5278,0,0
5279,1,1
5280,2,2
5281,1,1
5282,0,0
5283,0,0
5284,2,2
5285,0,1
5286,2,2
5287,0,0
5288,1,0
5289,1,2
5290,1,2
5291,0,0
5292,0,0
5293,2,2
5294,1,1
5295,2,2
5296,0,0
5297,1,1
5298,2,2
5299,0,0
5300,1,1
5301,2,2
5302,0,0
5303,0,0
5304,0,1
5305,0,1
5306,0,0
5307,1,1
5308,2,2
5309,0,0
5310,0,0
5311,1,1
5312,2,2
5313,1,1
5314,0,0
5315,2,2
5316,2,2
5317,0,0
5318,1,2
5319,0,0
5320,2,2
5321,1,1
5322,0,0
5323,2,2
5324,2,1
5325,2,2
5326,1,1
5327,0,0
5328,0,0
5329,1,2
5330,2,2
5331,1,1
5332,2,2
5333,0,0
5334,0,0
5335,2,1
5336,2,2
5337,0,0
5338,1,1
5339,2,2
5340,1,1
5341,2,2
5342,0,0
5343,1,1
5344,1,0
5345,2,2
5346,2,2
5347,0,0
5348,1,1
5349,2,2
5350,2,2
5351,0,0
5352,0,1
5353,0,0
5354,2,2
5355,1,1
5356,2,2
5357,0,0
5358,2,2
5359,0,0
5360,1,1
5361,1,0
5362,2,2
5363,0,0
5364,0,1
5365,2,2
5366,0,0
5367,0,1
5368,0,0
5369,2,2
5370,0,0
5371,1,1
5372,2,2
5373,1,1
5374,0,0
5375,0,2
5376,2,2
5377,0,0
5378,2,2
5379,0,1
5380,0,0
5381,1,2
5382,0,0
5383,2,2
5384,0,0
5385,2,2
5386,1,1
5387,1,1
5388,2,2
5389,0,0
5390,0,0
5391,1,1
5392,2,2
5393,1,1
5394,0,0
5395,0,1
5396,1,1
5397,2,2
5398,1,1
5399,0,0
5400,2,2
5401,2,2
5402,1,1
5403,1,1
5404,0,0
5405,2,1
5406,2,2
5407,1,1
5408,0,0
5409,2,2
5410,2,1
5411,0,0
5412,1,2
5413,0,0
5414,2,2
5415,0,0
5416,1,1
5417,0,0
5418,2,2
5419,2,2
5420,1,1
5421,0,0
5422,2,2
5423,1,1
5424,0,0
5425,0,1
5426,1,2
5427,0,1
5428,2,2
5429,0,0
5430,1,1
5431,1,1
5432,2,2
5433,0,0
5434,1,1
5435,0,0
5436,2,2
5437,1,1
5438,2,2
5439,0,0
5440,1,1
5441,2,2
5442,0,0
5443,0,2
5444,0,0
5445,2,2
5446,1,2
5447,1,1
5448,0,0
5449,2,2
5450,1,1
5451,0,0
5452,1,1
5453,2,2
5454,0,0
5455,2,2
5456,1,1
5457,0,0
5458,0,0
5459,1,1
5460,2,2
5461,0,0
5462,1,1
5463,2,2
5464,0,0
5465,2,2
5466,0,1
5467,0,0
5468,1,2
5469,1,1
5470,2,2
5471,0,0
5472,1,1
5473,1,1
5474,0,2
5475,0,0
5476,1,2
5477,0,0
5478,0,0
5479,1,1
5480,1,2
5481,1,1
5482,2,2
5483,0,0
5484,1,1
5485,0,0
5486,2,2
5487,0,1
5488,0,0
5489,2,2
5490,1,1
5491,0,0
5492,2,2
5493,1,1
5494,0,0
5495,0,2
5496,0,0
5497,2,2
5498,1,1
5499,0,0
5500,1,1
5501,2,2
5502,0,0
5503,1,1
5504,2,2
5505,1,0
5506,0,0
5507,2,2
5508,0,0
5509,1,1
5510,1,2
5511,2,2
5512,0,0
5513,1,1
5514,2,2
5515,0,0
5516,2,1
5517,1,1
5518,0,0
5519,2,2
5520,1,1
5521,0,1
5522,0,0
5523,1,1
5524,0,0
5525,2,2
5526,0,0
5527,2,2
5528,1,1
5529,0,0
5530,2,2
5531,1,1
5532,1,1
5533,2,2
5534,0,0
5535,1,1
5536,0,0
5537,2,2
5538,0,1
5539,0,0
5540,2,2
5541,0,0
5542,0,1
5543,1,2
5544,1,2
5545,0,0
5546,0,0
5547,1,1
5548,2,2
5549,1,1
5550,2,2
5551,0,0
5552,1,1
5553,0,0
5554,2,2
5555,0,0
5556,2,2
5557,0,0
5558,2,2
5559,0,0
5560,0,1
5561,1,1
5562,2,2
5563,0,0
5564,1,0
5565,1,1
5566,1,1
5567,2,2
5568,1,1
5569,0,0
5570,1,2
5571,0,0
5572,0,0
5573,0,2
5574,0,0
5575,1,1
5576,2,2
5577,1,1
5578,0,0
5579,2,2
5580,1,1
5581,0,0
5582,1,1
5583,2,2
5584,0,0
5585,0,0
5586,2,2
5587,2,2
5588,1,1
5589,0,0
5590,1,1
5591,0,0
5592,2,2
5593,1,1
5594,2,2
5595,0,0
5596,2,2
5597,0,0
5598,2,2
5599,0,1
5600,2,2
5601,1,1
5602,1,1
5603,0,0
5604,2,2
5605,0,0
5606,1,1
5607,2,2
5608,1,1
5609,0,0
5610,2,2
5611,2,2
5612,1,1
5613,0,1
5614,0,0
5615,2,2
5616,1,1
5617,1,1
5618,0,0
5619,2,2
5620,0,0
5621,2,2
5622,1,1
5623,0,0
5624,2,2
5625,1,1
5626,0,1
5627,0,0
5628,1,1
5629,1,1
5630,0,0
5631,2,2
5632,0,0
5633,1,1
5634,2,2
5635,1,1
5636,2,2
5637,0,0
5638,0,1
5639,2,2
5640,1,1
5641,2,2
5642,1,1
5643,0,0
5644,0,0
5645,2,2
5646,0,1
5647,1,1
5648,0,0
5649,2,2
5650,1,1
5651,2,0
5652,1,0
5653,1,0
5654,2,2
5655,1,1
5656,1,2
5657,2,2
5658,0,0
5659,0,0
5660,2,2
5661,1,1
5662,0,0
5663,2,2
5664,1,1
5665,0,1
5666,0,0
5667,2,2
5668,0,0
5669,2,2
5670,1,1
5671,0,0
5672,1,1
5673,1,2
5674,1,1
5675,2,2
5676,0,0
5677,0,0
5678,1,1
5679,2,2
5680,1,1
5681,2,2
5682,0,0
5683,2,2
5684,1,1
5685,0,0
5686,2,2
5687,0,0
5688,1,1
5689,0,0
5690,1,1
5691,2,1
5692,0,1
5693,1,1
5694,0,0
5695,1,1
5696,2,2
5697,0,0
5698,1,1
5699,2,2
5700,0,0
5701,2,2
5702,0,0
5703,1,1
5704,1,1
5705,0,0
5706,2,2
5707,2,2
5708,1,1
5709,0,0
5710,1,1
5711,0,0
5712,2,2
5713,2,2
5714,0,0
5715,1,1
5716,1,1
5717,1,1
5718,2,2
5719,0,0
5720,0,2
5721,1,1
5722,1,1
5723,2,2
5724,0,0
5725,0,0
5726,1,1
5727,2,2
5728,1,1
5729,0,0
5730,2,2
5731,0,0
5732,0,1
5733,2,2
5734,1,1
5735,2,2
5736,0,0
5737,0,0
5738,2,2
5739,1,0
5740,1,1
5741,2,2
5742,0,0
5743,1,1
5744,1,1
5745,2,2
5746,2,2
5747,1,0
5748,1,1
5749,2,2
5750,1,1
5751,0,0
5752,0,0
5753,2,2
5754,1,1
5755,0,0
5756,2,2
5757,1,1
5758,2,2
5759,0,0
5760,0,1
5761,1,0
5762,2,2
5763,0,0
5764,2,2
5765,0,0
5766,0,0
5767,1,1
5768,2,0
5769,2,2
5770,0,0
5771,1,1
5772,0,2
5773,1,1
5774,2,2
5775,0,0
5776,0,0
5777,2,2
5778,1,1
5779,1,0
5780,1,2
5781,2,0
5782,2,1
5783,2,2
5784,0,0
5785,1,1
5786,0,0
5787,1,2
5788,0,0
5789,2,2
5790,1,1
5791,2,2
5792,1,1
5793,0,0
5794,0,0
5795,1,1
5796,1,1
5797,1,1
5798,0,0
5799,2,2
5800,1,1
5801,2,2
5802,0,0
5803,0,0
5804,1,0
5805,2,2
5806,1,1
5807,2,2
5808,0,0
5809,0,1
5810,0,0
5811,2,2
5812,1,1
5813,2,2
5814,0,0
5815,2,2
5816,0,0
5817,0,1
5818,2,2
5819,1,1
5820,0,0
5821,2,2
5822,1,1
5823,0,0
5824,0,0
5825,2,2
5826,1,1
5827,2,2
5828,0,1
5829,0,0
5830,1,1
5831,2,2
5832,0,0
5833,0,1
5834,0,1
5835,2,2
5836,1,2
5837,1,1
5838,0,0
5839,0,0
5840,2,2
5841,1,1
5842,1,1
5843,2,2
5844,0,0
5845,2,2
5846,0,0
5847,1,1
5848,0,0
5849,2,2
5850,2,1
5851,1,1
5852,2,2
5853,0,0
5854,2,2
5855,1,1
5856,0,0
5857,0,0
5858,1,1
5859,1,2
5860,2,2
5861,2,2
5862,1,1
5863,0,0
5864,2,2
5865,1,1
5866,2,2
5867,1,1
5868,0,0
5869,2,2
5870,1,1
5871,2,2
5872,0,0
5873,1,1
5874,0,0
5875,2,2
5876,0,2
5877,1,2
5878,0,0
5879,1,1
5880,0,2
5881,2,1
5882,2,2
5883,1,1
5884,2,2
5885,0,0
5886,1,1
5887,2,2
5888,0,0
5889,1,1
5890,1,1
5891,0,0
5892,2,2
5893,0,0
5894,1,1
5895,2,2
5896,0,0
5897,2,1
5898,1,0
5899,2,2
5900,0,0
5901,1,1
5902,2,2
5903,1,1
5904,0,0
5905,2,2
5906,0,0
5907,1,1
5908,2,2
5909,0,0
5910,2,1
5911,0,0
5912,2,2
5913,0,1
5914,2,2
5915,2,1
5916,0,0
5917,2,1
5918,0,1
5919,1,2
5920,0,0
5921,1,1
5922,1,1
5923,2,2
5924,1,1
5925,1,1
5926,0,0
5927,2,2
5928,0,0
5929,0,0
5930,2,2
5931,0,0
5932,1,1
5933,2,2
5934,0,1
5935,2,2
5936,0,0
5937,1,1
5938,2,2
5939,0,0
5940,0,0
5941,1,1
5942,2,2
5943,1,0
5944,1,1
5945,2,2
5946,0,0
5947,1,2
5948,1,1
5949,2,2
5950,0,0
5951,1,1
5952,0,1
5953,0,0
5954,2,2
5955,0,1
5956,2,2
5957,1,1
5958,1,1
5959,1,1
5960,2,2
5961,0,0
5962,2,2
5963,0,0
5964,2,2
5965,1,1
5966,0,0
5967,1,1
5968,0,0
5969,2,2
5970,1,0
5971,2,0
5972,2,2
5973,2,2
5974,0,0
5975,0,1
5976,1,1
5977,0,0
5978,2,2
5979,0,0
5980,2,2
5981,1,1
5982,0,0
5983,2,2
5984,1,1
5985,2,2
5986,1,1
5987,0,0
5988,2,2
5989,0,0
5990,0,0
5991,1,1
5992,2,2
5993,0,0
5994,0,0
5995,2,2
5996,1,1
5997,0,1
5998,2,2
5999,0,0
6000,1,1
6001,0,0
6002,2,2
6003,0,0
6004,1,1
6005,2,2
6006,0,1
6007,1,1
6008,2,2
6009,0,0
6010,1,2
6011,1,1
6012,2,2
6013,0,0
6014,1,1
6015,1,1
6016,0,0
6017,2,2
6018,0,0
6019,1,1
6020,2,2
6021,1,1
6022,0,0
6023,1,2
6024,0,0
6025,2,2
6026,1,1
6027,0,2
6028,0,0
6029,1,1
6030,1,1
6031,2,2
6032,0,0
6033,2,2
6034,1,1
6035,0,0
6036,0,0
6037,1,1
6038,2,2
6039,2,2
6040,1,1
6041,0,0
6042,2,2
6043,2,2
6044,0,0
6045,1,0
6046,2,1
6047,2,1
6048,1,1
6049,1,0
6050,2,2
6051,2,2
6052,0,0
6053,1,1
6054,1,1
6055,0,0
6056,2,2
6057,1,1
6058,0,0
6059,2,2
6060,1,1
6061,2,2
6062,0,0
6063,2,2
6064,2,1
6065,0,0
6066,0,0
6067,2,2
6068,2,1
6069,0,0
6070,1,1
6071,2,2
6072,1,1
6073,0,0
6074,2,2
6075,0,0
6076,1,1
6077,2,2
6078,0,0
6079,2,2
6080,1,1
6081,2,2
6082,0,0
6083,1,1
6084,0,0
6085,0,0
6086,1,2
6087,2,2
6088,1,0
6089,1,1
6090,2,2
6091,0,0
6092,1,1
6093,2,2
6094,0,0
6095,1,1
6096,0,0
6097,1,1
6098,2,2
6099,0,2
6100,0,0
6101,0,2
6102,2,2
6103,1,1
6104,0,0
6105,2,1
6106,2,2
6107,0,0
6108,2,2
6109,1,1
6110,0,0
6111,1,0
6112,0,0
6113,2,2
6114,0,0
6115,1,1
6116,2,2
6117,0,0
6118,1,1
6119,1,2
6120,0,0
6121,2,2
6122,0,0
6123,2,2
6124,0,0
6125,1,1
6126,2,0
6127,2,2
6128,2,0
6129,0,0
6130,0,0
6131,2,2
6132,2,2
6133,0,0
6134,1,1
6135,0,0
6136,1,1
6137,2,2
6138,2,2
6139,1,1
6140,0,0
6141,1,1
6142,1,2
6143,0,0
6144,1,1
6145,2,2
6146,0,0
6147,2,2
6148,0,1
6149,0,0
6150,2,1
6151,0,0
6152,2,2
6153,1,1
6154,0,0
6155,2,2
6156,2,2
6157,1,1
6158,0,0
6159,0,0
6160,1,1
6161,0,0
6162,2,2
6163,2,0
6164,1,1
6165,1,1
6166,2,2
6167,0,0
6168,2,2
6169,0,0
6170,1,1
6171,1,1
6172,0,0
6173,2,2
6174,2,1
6175,2,2
6176,0,0
6177,1,1
6178,0,0
6179,1,1
6180,2,2
6181,2,2
6182,0,0
6183,0,1
6184,2,2
6185,1,1
6186,1,1
6187,2,2
6188,0,0
6189,0,0
6190,1,1
6191,0,0
6192,2,2
6193,1,1
6194,0,0
6195,2,2
6196,1,1
6197,1,1
6198,0,0
6199,2,2
6200,1,1
6201,0,0
6202,2,2
6203,0,0
6204,2,2
6205,1,1
6206,1,0
6207,2,2
6208,2,0
6209,0,0
6210,1,1
6211,2,2
6212,0,0
6213,0,1
6214,2,2
6215,0,1
6216,2,2
6217,1,1
6218,0,0
6219,2,2
6220,1,1
6221,0,0
6222,1,1
6223,2,2
6224,2,2
6225,0,0
6226,2,2
6227,0,1
6228,2,2
6229,1,1
6230,1,2
6231,0,0
6232,2,2
6233,2,2
6234,1,1
6235,0,0
6236,1,1
6237,2,2
6238,0,0
6239,0,0
6240,0,0
6241,2,2
6242,2,2
6243,1,1
6244,0,0
6245,0,0
6246,2,2
6247,1,1
6248,0,0
6249,1,2
6250,1,1
6251,2,2
6252,1,1
6253,0,0
6254,1,1
6255,0,0
6256,2,2
6257,1,1
6258,2,2
6259,0,0
6260,0,0
6261,2,2
6262,1,1
6263,1,1
6264,2,2
6265,0,1
6266,0,0
6267,2,2
6268,1,1
6269,0,0
6270,2,2
6271,2,1
6272,1,1
6273,0,0
6274,1,1
6275,2,2
6276,0,0
6277,1,1
6278,2,2
6279,0,0
6280,2,2
6281,0,0
6282,1,1
6283,0,1
6284,0,0
6285,2,2
6286,2,2
6287,1,1
6288,0,0
6289,1,1
6290,0,0
6291,2,0
6292,1,1
6293,0,0
6294,2,2
6295,1,1
6296,0,0
6297,2,2
6298,2,2
6299,0,0
6300,1,1
6301,0,0
6302,2,2
6303,1,1
6304,0,0
6305,2,2
6306,1,2
6307,1,1
6308,1,1
6309,1,1
6310,2,2
6311,0,0
6312,2,2
6313,0,0
6314,0,0
6315,1,1
6316,0,1
6317,1,2
6318,2,2
6319,0,1
6320,0,0
6321,0,0
6322,2,2
6323,1,1
6324,0,2
6325,1,1
6326,0,0
6327,2,2
6328,0,0
6329,1,1
6330,0,0
6331,2,2
6332,1,1
6333,1,1
6334,0,0
6335,2,2
6336,0,0
6337,2,2
6338,1,1
6339,1,1
6340,0,0
6341,2,2
6342,0,0
6343,2,2
6344,1,1
6345,1,1
6346,2,2
6347,0,0
6348,2,2
6349,1,1
6350,0,2
6351,0,0
6352,1,1
6353,1,2
6354,1,1
6355,2,2
6356,0,0
6357,1,1
6358,0,0
6359,0,0
6360,2,2
6361,1,1
6362,1,1
6363,0,0
6364,2,2
6365,0,1
6366,1,2
6367,1,0
6368,0,0
6369,1,1
6370,2,2
6371,2,2
6372,0,0
6373,1,1
6374,2,1
6375,2,2
6376,0,0
6377,0,0
6378,2,2
6379,0,1
6380,2,2
6381,1,0
6382,0,1
6383,0,2
6384,0,0
6385,2,1
6386,0,0
6387,1,1
6388,2,2
6389,1,1
6390,2,2
6391,0,0
6392,2,2
6393,0,0
6394,1,1
6395,0,0
6396,1,1
6397,1,1
6398,1,2
6399,2,2
6400,0,0
6401,0,0
6402,2,2
6403,2,1
6404,0,0
6405,2,1
6406,2,2
6407,1,1
6408,2,2
6409,0,0
6410,1,0
6411,0,0
6412,2,2
6413,2,2
6414,0,0
6415,1,1
6416,0,1
6417,2,2
6418,2,2
6419,1,0
6420,1,1
6421,0,0
6422,1,1
6423,2,2
6424,0,0
6425,2,2
6426,1,1
6427,1,1
6428,0,0
6429,2,2
6430,1,1
6431,2,2
6432,0,0
6433,2,2
6434,2,1
6435,0,0
6436,2,2
6437,0,0
6438,1,1
6439,2,2
6440,0,0
6441,1,1
6442,1,1
6443,2,2
6444,0,0
6445,0,1
6446,1,1
6447,2,2
6448,0,0
6449,2,2
6450,1,1
6451,2,2
6452,1,2
6453,0,0
6454,0,0
6455,1,1
6456,0,2
6457,0,1
6458,2,2
6459,0,0
6460,2,2
6461,0,1
6462,1,1
6463,0,2
6464,2,0
6465,1,1
6466,0,1
6467,0,0
6468,2,2
6469,1,1
6470,0,0
6471,2,2
6472,1,1
6473,1,2
6474,0,0
6475,1,1
6476,2,2
6477,0,0
6478,2,2
6479,0,0
6480,1,1
6481,0,1
6482,0,0
6483,2,2
6484,2,2
6485,1,1
6486,0,0
6487,0,0
6488,1,1
6489,2,2
6490,1,1
6491,2,2
6492,0,0
6493,1,1
6494,2,2
6495,1,0
6496,2,2
6497,1,1
6498,0,0
6499,1,2
6500,1,1
6501,0,0
6502,2,2
6503,0,0
6504,1,1
6505,1,1
6506,0,0
6507,2,2
6508,1,2
6509,0,0
6510,2,2
6511,0,0
6512,1,1
6513,2,2
6514,1,1
6515,0,0
6516,2,2
6517,1,1
6518,0,0
6519,1,1
6520,0,0
6521,2,2
6522,1,1
6523,0,0
6524,2,2
6525,0,0
6526,1,1
6527,2,2
6528,2,2
6529,0,0
6530,1,1
6531,2,2
6532,0,0
6533,1,1
6534,2,2
6535,1,0
6536,1,1
6537,1,1
6538,2,2
6539,0,0
6540,2,2
6541,0,0
6542,1,1
6543,2,2
6544,1,1
6545,0,0
6546,0,0
6547,1,1
6548,2,2
6549,1,1
6550,0,0
6551,2,2
6552,0,0
6553,2,2
6554,1,1
6555,0,0
6556,1,1
6557,2,2
6558,2,2
6559,2,2
6560,0,0
6561,0,0
6562,1,2
6563,1,1
6564,2,2
6565,0,0
6566,2,1
6567,1,1
6568,1,2
6569,2,2
6570,1,1
6571,0,0
6572,0,0
6573,0,1
6574,2,2
6575,2,2
6576,0,0
6577,1,1
6578,2,2
6579,1,1
6580,0,0
6581,1,1
6582,0,0
6583,2,2
6584,1,2
6585,0,0
6586,1,0
6587,1,1
6588,2,2
6589,1,0
6590,0,0
6591,1,1
6592,2,2
6593,2,1
6594,0,0
6595,2,2
6596,2,2
6597,1,1
6598,0,0
6599,2,2
6600,0,1
6601,1,1
6602,2,2
6603,1,1
6604,0,0
6605,1,1
6606,2,2
6607,0,0
6608,2,2
6609,0,0
6610,1,1
6611,0,0
6612,1,1
6613,2,2
6614,0,0
6615,2,2
6616,1,1
6617,2,2
6618,0,0
6619,1,1
6620,0,0
6621,1,1
6622,2,2
6623,2,2
6624,1,0
6625,1,1
6626,1,0
6627,1,1
6628,2,2
6629,0,0
6630,0,2
6631,1,1
6632,0,0
6633,1,1
6634,2,2
6635,1,1
6636,0,0
6637,2,2
6638,0,1
6639,2,2
6640,0,0
6641,1,1
6642,2,2
6643,0,0
6644,2,2
6645,0,0
6646,1,1
6647,2,2
6648,1,1
6649,0,0
6650,0,0
6651,2,2
6652,1,1
6653,0,0
6654,2,2
6655,1,1
6656,2,2
6657,1,1
6658,0,0
6659,0,0
6660,2,2
6661,1,1
6662,1,1
6663,2,2
6664,0,0
6665,0,0
6666,1,2
6667,2,2
6668,0,0
6669,1,1
6670,2,2
6671,1,1
6672,0,0
6673,1,2
6674,2,2
6675,1,1
6676,0,0
6677,0,0
6678,2,2
6679,0,0
6680,0,0
6681,1,1
6682,2,2
6683,0,1
6684,0,0
6685,2,2
6686,0,0
6687,1,1
6688,2,2
6689,1,1
6690,2,2
6691,0,0
6692,1,0
6693,1,1
6694,0,2
6695,0,0
6696,2,2
6697,1,1
6698,1,1
6699,0,0
6700,2,2
6701,2,2
6702,0,0
6703,0,0
6704,0,0
6705,1,1
6706,2,2
6707,2,2
6708,1,1
6709,0,0
6710,0,0
6711,0,2
6712,1,1
6713,0,1
6714,2,2
6715,0,0
6716,2,2
6717,0,0
6718,1,1
6719,0,0
6720,1,1
6721,2,2
6722,2,0
6723,2,1
6724,2,2
6725,0,0
6726,2,2
6727,1,1
6728,1,1
6729,1,0
6730,1,2
6731,0,0
6732,1,1
6733,2,2
6734,2,1
6735,1,1
6736,1,1
6737,1,1
6738,1,1
6739,0,0
6740,2,2
6741,0,0
6742,2,2
6743,1,1
6744,1,1
6745,0,0
6746,2,2
6747,0,2
6748,0,0
6749,1,1
6750,2,2
6751,1,1
6752,0,0
6753,2,0
6754,1,2
6755,1,1
6756,0,0
6757,1,1
6758,2,2
6759,1,0
6760,1,0
6761,2,2
6762,1,1
6763,2,2
6764,0,0
6765,1,1
6766,2,2
6767,0,0
6768,2,2
6769,1,1
6770,0,0
6771,1,1
6772,2,2
6773,0,0
6774,1,1
6775,2,2
6776,0,0
6777,0,0
6778,1,2
6779,1,1
6780,2,2
6781,1,1
6782,0,0
6783,2,2
6784,1,1
6785,0,0
6786,0,0
6787,1,1
6788,2,2
6789,0,0
6790,2,2
6791,1,1
6792,1,2
6793,0,0
6794,0,0
6795,1,1
6796,2,2
6797,0,2
6798,1,1
6799,0,0
6800,2,2
6801,2,2
6802,2,0
6803,1,1
6804,0,0
6805,1,1
6806,2,2
6807,2,2
6808,0,0
6809,1,1
6810,2,2
6811,0,0
6812,1,1
6813,0,0
6814,1,1
6815,2,2
6816,0,0
6817,2,2
6818,1,1
6819,0,0
6820,2,2
6821,1,1
6822,2,2
6823,0,0
6824,1,1
6825,1,1
6826,2,2
6827,1,0
6828,1,1
6829,0,0
6830,2,2
6831,1,1
6832,2,2
6833,0,0
6834,1,1
6835,2,2
6836,0,0
6837,0,0
6838,0,1
6839,2,2
6840,0,0
6841,1,1
6842,2,2
6843,0,1
6844,0,0
6845,2,2
6846,2,1
6847,2,2
6848,0,0
6849,2,2
6850,0,0
6851,0,0
6852,0,0
6853,1,1
6854,2,2
6855,0,0
6856,2,2
6857,0,1
6858,0,0
6859,2,2
6860,1,1
6861,0,0
6862,1,0
6863,1,2
6864,0,1
6865,1,1
6866,0,2
6867,0,0
6868,2,2
6869,1,0
6870,1,1
6871,0,0
6872,2,2
6873,2,1
6874,0,1
6875,0,0
6876,2,2
6877,0,0
6878,1,1
6879,2,2
6880,0,0
6881,1,1
6882,2,2
6883,0,0
6884,1,1
6885,2,2
6886,1,1
6887,0,0
6888,1,1
6889,0,0
6890,2,2
6891,2,2
6892,1,1
6893,0,0
6894,0,0
6895,1,1
6896,0,0
6897,1,1
6898,2,2
6899,1,0
6900,1,1
6901,0,1
6902,2,1
6903,1,1
6904,2,2
6905,0,0
6906,0,0
6907,2,2
6908,1,1
6909,2,2
6910,1,1
6911,0,0
6912,1,1
6913,0,0
6914,1,2
6915,0,0
6916,1,1
6917,2,2
6918,0,0
6919,2,2
6920,1,1
6921,2,2
6922,0,0
6923,1,1
6924,1,1
6925,0,0
6926,2,2
6927,0,0
6928,1,1
6929,2,2
6930,0,0
6931,2,1
6932,1,1
6933,2,2
6934,1,1
6935,0,0
6936,1,1
6937,0,1
6938,2,2
6939,1,1
6940,0,0
6941,2,2
6942,2,2
6943,1,1
6944,0,0
6945,0,2
6946,1,1
6947,0,0
6948,0,0
6949,2,2
6950,1,1
6951,1,1
6952,0,0
6953,2,2
6954,2,2
6955,0,0
6956,1,1
6957,2,2
6958,1,1
6959,0,0
6960,0,0
6961,0,1
6962,2,1
6963,0,0
6964,1,1
6965,0,2
6966,1,1
6967,0,0
6968,2,2
6969,1,1
6970,0,0
6971,1,2
6972,1,0
6973,1,1
6974,2,2
6975,0,0
6976,1,1
6977,2,2
6978,2,2
6979,1,1
6980,0,0
6981,1,2
6982,1,1
6983,0,0
6984,1,1
6985,1,1
6986,2,2
6987,2,2
6988,1,1
6989,0,0
6990,1,1
6991,2,2
6992,0,0
6993,1,1
6994,2,2
6995,0,0
6996,2,2
6997,0,0
6998,1,1
6999,1,1
7000,2,2
7001,1,0
7002,1,1
7003,0,0
7004,0,2
7005,2,2
7006,1,1
7007,0,0
7008,2,2
7009,0,0
7010,1,1
7011,1,1
7012,0,0
7013,2,2
7014,2,2
7015,0,0
7016,1,1
7017,1,1
7018,0,0
7019,2,2
7020,2,2
7021,0,0
7022,1,1
7023,0,0
7024,1,1
7025,2,2
7026,2,2
7027,0,0
7028,1,1
7029,2,2
7030,0,0
7031,0,0
7032,1,1
7033,2,2
7034,1,1
7035,0,0
7036,2,2
7037,1,0
7038,2,2
7039,1,1
7040,1,1
7041,0,0
7042,2,2
7043,1,1
7044,0,0
7045,2,2
7046,0,0
7047,1,1
7048,2,2
7049,0,0
7050,2,2
7051,1,1
7052,0,0
7053,1,1
7054,2,2
7055,2,2
7056,1,1
7057,0,0
7058,2,2
7059,1,1
7060,0,0
7061,1,0
7062,0,0
7063,0,2
7064,0,0
7065,0,0
7066,0,2
7067,2,2
7068,0,0
7069,0,0
7070,0,1
7071,0,0
7072,2,2
7073,0,0
7074,1,2
7075,0,1
7076,1,1
7077,0,0
7078,2,2
7079,0,0
7080,0,0
7081,2,2
7082,0,0
7083,1,1
7084,2,2
7085,2,2
7086,0,0
7087,0,1
7088,0,0
7089,1,1
7090,2,2
7091,2,2
7092,1,1
7093,0,0
7094,1,1
7095,0,0
7096,2,2
7097,0,0
7098,1,2
7099,1,1
7100,2,2
7101,1,1
7102,0,0
7103,2,0
7104,2,2
7105,0,1
7106,2,2
7107,1,0
7108,1,1
7109,2,2
7110,1,1
7111,0,0
7112,2,2
7113,1,0
7114,0,0
7115,1,1
7116,2,2
7117,2,2
7118,0,0
7119,1,2
7120,2,2
7121,0,0
7122,1,1
7123,0,1
7124,2,2
7125,0,0
7126,2,2
7127,0,1
7128,0,0
7129,1,1
7130,0,0
7131,2,2
7132,2,2
7133,0,0
7134,2,2
7135,0,0
7136,1,1
7137,1,2
7138,1,1
7139,0,0
7140,2,2
7141,1,1
7142,0,0
7143,1,1
7144,2,2
7145,0,0
7146,1,1
7147,0,0
7148,2,2
7149,2,2
7150,1,1
7151,0,0
7152,0,0
7153,1,1
7154,0,2
7155,1,1
7156,2,2
7157,0,0
7158,0,0
7159,0,1
7160,2,2
7161,2,2
7162,1,1
7163,0,0
7164,0,0
7165,2,2
7166,2,2
7167,0,0
7168,1,1
7169,2,2
7170,0,0
7171,2,2
7172,1,1
7173,0,0
7174,1,1
7175,2,2
7176,0,0
7177,0,0
7178,2,2
7179,0,0
7180,2,2
7181,0,1
7182,0,0
7183,1,1
7184,2,2
7185,1,1
7186,2,2
7187,0,0
7188,0,1
7189,0,0
7190,2,2
7191,2,2
7192,0,0
7193,1,1
7194,0,0
7195,2,2
7196,1,1
7197,0,1
7198,2,2
7199,1,1
7200,1,1
7201,0,0
7202,1,2
7203,2,2
7204,2,1
7205,1,0
7206,0,0
7207,2,2
7208,1,1
7209,1,1
7210,0,0
7211,2,2
7212,0,0
7213,2,2
7214,0,0
7215,1,1
7216,2,2
7217,0,0
7218,1,1
7219,2,2
7220,0,0
7221,2,2
7222,0,0
7223,2,1
7224,0,0
7225,2,2
7226,1,1
7227,1,1
7228,2,2
7229,2,0
7230,2,2
7231,0,0
7232,1,1
7233,2,2
7234,0,0
7235,1,1
7236,2,2
7237,1,1
7238,0,0
7239,1,1
7240,2,2
7241,0,0
7242,0,0
7243,2,2
7244,1,1
7245,2,2
7246,1,2
7247,1,2
7248,2,2
7249,1,1
7250,0,0
7251,2,2
7252,0,0
7253,1,1
7254,2,2
7255,0,1
7256,0,0
7257,2,2
7258,0,0
7259,1,1
7260,1,1
7261,0,0
7262,2,2
7263,2,2
7264,1,1
7265,1,1
7266,1,1
7267,2,2
7268,0,1
7269,1,1
7270,2,2
7271,0,0
7272,0,0
7273,2,2
7274,1,1
7275,0,0
7276,2,2
7277,0,0
7278,2,2
7279,0,0
7280,1,1
7281,0,0
7282,2,2
7283,1,1
7284,0,0
7285,1,2
7286,1,1
7287,2,2
7288,0,0
7289,1,1
7290,2,2
7291,0,0
7292,2,2
7293,1,1
7294,0,0
7295,2,2
7296,2,2
7297,0,0
7298,2,0
7299,1,1
7300,0,0
7301,2,2
7302,2,2
7303,1,1
7304,0,0
7305,0,0
7306,1,1
7307,2,2
7308,0,0
7309,2,2
7310,1,1
7311,1,1
7312,0,0
7313,2,2
7314,0,0
7315,2,2
7316,1,1
7317,0,0
7318,0,0
7319,2,2
7320,1,1
7321,1,0
7322,2,2
7323,0,0
7324,2,2
7325,1,1
7326,0,0
7327,0,1
7328,1,1
7329,1,2
7330,0,0
7331,0,2
7332,0,0
7333,1,1
7334,0,0
7335,2,2
7336,1,0
7337,1,1
7338,2,2
7339,2,2
7340,0,0
7341,1,0
7342,0,1
7343,2,2
7344,0,0
7345,1,1
7346,2,2
7347,0,0
7348,0,0
7349,0,1
7350,2,2
7351,0,0
7352,1,1
7353,2,2
7354,2,1
7355,0,0
7356,2,2
7357,1,1
7358,2,2
7359,2,0
7360,2,2
7361,1,1
7362,2,2
7363,1,1
7364,0,0
7365,2,2
7366,1,1
7367,0,0
7368,1,1
7369,2,2
7370,0,0
7371,1,1
7372,2,0
7373,1,1
7374,0,0
7375,1,1
7376,0,0
7377,2,2
7378,0,0
7379,0,0
7380,0,0
7381,1,1
7382,1,1
7383,0,0
7384,0,0
7385,2,2
7386,1,1
7387,0,1
7388,2,2
7389,0,0
7390,1,0
7391,2,1
7392,2,2
7393,2,2
7394,2,1
7395,0,0
7396,2,1
7397,1,0
7398,2,2
7399,2,0
7400,1,1
7401,2,2
7402,2,2
7403,1,1
7404,0,0
7405,1,1
7406,0,0
7407,2,2
7408,2,2
7409,1,1
7410,0,0
7411,0,1
7412,2,2
7413,0,1
7414,2,2
7415,1,0
7416,0,0
7417,2,2
7418,2,1
7419,0,0
7420,2,2
7421,2,1
7422,0,0
7423,2,2
7424,0,0
7425,2,2
7426,2,2
7427,1,1
7428,0,0
7429,2,2
7430,0,0
7431,2,2
7432,0,0
7433,2,2
7434,1,1
7435,2,2
7436,0,0
7437,1,1
7438,1,1
7439,0,0
7440,1,2
7441,2,1
7442,0,0
7443,2,2
7444,2,2
7445,0,0
7446,1,1
7447,0,0
7448,2,2
7449,1,1
7450,0,0
7451,2,2
7452,1,1
7453,2,2
7454,0,0
7455,2,2
7456,1,1
7457,0,0
7458,0,1
7459,0,2
7460,0,0
7461,2,2
7462,0,0
7463,1,1
7464,1,0
7465,1,1
7466,2,2
7467,1,1
7468,0,0
7469,1,2
7470,0,0
7471,1,1
7472,2,2
7473,2,2
7474,1,1
7475,0,0
7476,1,1
7477,1,2
7478,1,2
7479,2,2
7480,0,0
7481,0,0
7482,1,1
7483,2,2
7484,0,1
7485,1,1
7486,2,2
7487,0,0
7488,0,1
7489,1,1
7490,0,0
7491,1,1
7492,2,2
7493,0,0
7494,1,1
7495,2,2
7496,0,0
7497,1,2
7498,0,1
7499,0,0
7500,2,2
7501,0,0
7502,1,1
7503,1,1
7504,2,2
7505,0,0
7506,2,2
7507,0,0
7508,1,1
7509,0,2
7510,0,0
7511,0,1
7512,0,0
7513,1,2
7514,1,1
7515,1,1
7516,2,2
7517,1,0
7518,1,1
7519,1,2
7520,0,0
7521,1,1
7522,0,0
7523,2,2
7524,0,0
7525,1,1
7526,2,2
7527,2,2
7528,0,0
7529,1,1
7530,2,2
7531,1,1
7532,0,0
7533,2,2
7534,1,1
7535,0,0
7536,0,0
7537,2,2
7538,1,1
7539,2,2
7540,1,1
7541,0,0
7542,1,2
7543,1,2
7544,1,0
7545,1,1
7546,2,2
7547,0,0
7548,0,0
7549,2,2
7550,0,1
7551,1,0
7552,1,1
7553,1,1
7554,2,1
7555,2,2
7556,0,0
7557,0,0
7558,0,1
7559,1,2
7560,0,0
7561,2,2
7562,1,1
7563,2,1
7564,0,1
7565,1,1
7566,0,0
7567,2,2
7568,1,1
7569,1,1
7570,1,1
7571,1,0
7572,1,1
7573,2,2
7574,2,2
7575,0,0
7576,1,1
7577,1,1
7578,2,2
7579,0,0
7580,2,2
7581,0,0
7582,0,1
7583,1,1
7584,2,2
7585,0,0
7586,1,2
7587,1,1
7588,0,0
7589,0,0
7590,1,2
7591,1,1
7592,2,1
7593,0,0
7594,2,2
7595,0,0
7596,2,2
7597,1,1
7598,2,2
7599,1,1
7600,0,0
7601,0,0
7602,1,1
7603,2,2
7604,0,0
7605,2,2
7606,1,1
7607,2,2
7608,1,1
7609,0,0
7610,2,2
7611,1,1
7612,0,0
7613,1,1
7614,0,0
7615,2,2
7616,2,2
7617,2,2
7618,0,0
7619,2,1
7620,1,1
7621,1,1
7622,0,0
7623,2,2
7624,0,0
7625,2,1
7626,2,2
7627,1,2
7628,0,0
7629,2,2
7630,0,0
7631,1,1
7632,2,2
7633,1,1
7634,0,0
7635,1,1
7636,0,0
7637,2,2
7638,1,1
7639,0,0
7640,0,0
7641,1,1
7642,2,2
7643,0,0
7644,0,0
7645,2,2
7646,2,1
7647,2,1
7648,2,2
7649,1,1
7650,0,0
7651,2,2
7652,0,0
7653,1,1
7654,2,2
7655,0,0
7656,0,0
7657,2,2
7658,1,1
7659,2,2
7660,0,0
7661,2,2
7662,0,0
7663,1,1
7664,1,1
7665,0,0
7666,2,2
7667,1,1
7668,2,2
7669,2,2
7670,0,1
7671,2,2
7672,0,0
7673,2,2
7674,0,0
7675,1,0
7676,2,2
7677,0,0
7678,0,0
7679,0,0
7680,1,1
7681,0,0
7682,2,2
7683,1,1
7684,1,1
7685,0,0
7686,1,2
7687,1,1
7688,0,0
7689,1,2
7690,1,1
7691,0,0
7692,2,2
7693,2,2
7694,1,1
7695,0,0
7696,1,1
7697,1,2
7698,1,0
7699,0,0
7700,2,2
7701,0,0
7702,1,1
7703,0,0
7704,2,2
7705,1,1
7706,0,0
7707,2,2
7708,0,0
7709,0,0
7710,2,2
7711,0,0
7712,0,0
7713,0,2
7714,2,2
7715,0,0
7716,1,1
7717,2,2
7718,0,0
7719,1,1
7720,2,2
7721,0,0
7722,2,2
7723,0,0
7724,1,1
7725,0,0
7726,1,1
7727,2,2
7728,0,0
7729,2,2
7730,1,1
7731,1,1
7732,1,2
7733,0,0
7734,1,1
7735,0,0
7736,2,2
7737,0,0
7738,1,1
7739,2,2
7740,0,0
7741,1,1
7742,2,2
7743,2,2
7744,0,0
7745,2,2
7746,1,1
7747,1,0
7748,1,1
7749,2,2
7750,0,0
7751,1,0
7752,1,2
7753,0,0
7754,0,0
7755,1,2
7756,1,1
7757,1,1
7758,0,0
7759,2,2
7760,2,2
7761,1,1
7762,0,0
7763,2,2
7764,0,0
7765,0,1
7766,2,2
7767,1,1
7768,0,0
7769,2,2
7770,0,0
7771,1,1
7772,1,1
7773,2,2
7774,2,0
7775,2,1
7776,0,0
7777,1,2
7778,1,1
7779,2,2
7780,1,0
7781,2,2
7782,0,0
7783,1,1
7784,0,1
7785,2,2
7786,0,0
7787,1,0
7788,2,2
7789,1,1
7790,2,2
7791,0,0
7792,1,1
7793,0,2
7794,0,0
7795,1,1
7796,2,2
7797,0,0
7798,1,1
7799,0,0
7800,2,2
7801,1,1
7802,0,0
7803,2,2
7804,1,1
7805,0,2
7806,0,0
7807,1,1
7808,1,0
7809,1,1
7810,1,1
7811,2,2
7812,0,0
7813,1,1
7814,1,1
7815,0,0
7816,2,2
7817,2,2
7818,0,0
7819,1,1
7820,1,1
7821,0,0
7822,2,2
7823,0,0
7824,1,1
7825,2,2
7826,1,1
7827,2,2
7828,1,0
7829,0,0
7830,1,1
7831,2,2
7832,0,0
7833,2,2
7834,0,1
7835,0,0
7836,0,1
7837,2,2
7838,0,2
7839,0,0
7840,2,2
7841,2,1
7842,2,2
7843,0,0
7844,2,2
7845,1,1
7846,0,0
7847,0,0
7848,2,2
7849,1,1
7850,1,0
7851,1,0
7852,2,2
7853,2,1
7854,0,0
7855,1,0
7856,2,2
7857,2,2
7858,1,1
7859,0,0
7860,0,0
7861,0,0
7862,2,2
7863,0,0
7864,2,2
7865,1,1
7866,0,0
7867,2,2
7868,1,1
7869,1,2
7870,0,1
7871,1,1
7872,2,2
7873,0,0
7874,1,1
7875,1,2
7876,1,1
7877,0,0
7878,1,0
7879,1,1
7880,2,2
7881,2,2
7882,0,0
7883,1,1
7884,1,1
7885,0,0
7886,2,2
7887,2,0
7888,1,1
7889,2,2
7890,1,0
7891,2,2
7892,0,0
7893,0,0
7894,1,1
7895,2,2
7896,0,1
7897,2,2
7898,0,0
7899,2,2
7900,1,1
7901,2,2
7902,1,1
7903,0,0
7904,2,2
7905,0,0
7906,0,0
7907,0,1
7908,1,1
7909,2,2
7910,2,2
7911,0,0
7912,1,1
7913,2,2
7914,1,1
7915,0,0
7916,0,0
7917,1,1
7918,2,2
7919,0,1
7920,2,2
7921,0,0
7922,0,0
7923,1,1
7924,2,2
7925,1,1
7926,1,2
7927,0,0
7928,2,2
7929,1,1
7930,0,0
7931,2,2
7932,0,0
7933,1,1
7934,2,2
7935,2,1
7936,0,0
7937,1,1
7938,0,0
7939,2,2
7940,2,0
7941,0,1
7942,2,2
7943,2,2
7944,1,1
7945,0,0
7946,2,2
7947,0,0
7948,1,1
7949,0,0
7950,2,2
7951,1,1
7952,1,1
7953,2,2
7954,1,1
7955,1,1
7956,2,2
7957,1,1
7958,0,2
7959,0,0
7960,0,0
7961,0,0
7962,2,2
7963,0,0
7964,0,0
7965,2,2
7966,0,0
7967,1,1
7968,2,2
7969,1,1
7970,0,0
7971,2,2
7972,2,2
7973,2,1
7974,0,0
7975,0,0
7976,1,1
7977,2,2
7978,0,0
7979,2,2
7980,1,1
7981,1,1
7982,0,0
7983,2,1
7984,0,0
7985,2,2
7986,1,1
7987,0,0
7988,2,2
7989,0,1
7990,0,0
7991,2,0
7992,2,2
7993,2,2
7994,0,0
7995,1,1
7996,1,0
7997,2,2
7998,1,1
7999,0,0
8000,2,2
8001,0,0
8002,1,1
8003,2,2
8004,0,0
8005,1,1
8006,2,2
8007,0,0
8008,2,2
8009,1,1
8010,0,0
8011,2,2
8012,0,0
8013,1,1
8014,1,1
8015,1,0
8016,2,2
8017,1,1
8018,2,2
8019,0,0
8020,0,0
8021,2,2
8022,0,1
8023,2,2
8024,1,1
8025,0,0
8026,1,1
8027,0,0
8028,2,2
8029,0,0
8030,1,1
8031,2,2
8032,1,0
8033,0,0
8034,2,2
8035,0,0
8036,1,1
8037,2,2
8038,2,2
8039,0,0
8040,1,1
8041,2,2
8042,1,1
8043,0,0
8044,1,2
8045,0,0
8046,0,0
8047,0,0
8048,0,0
8049,2,2
8050,0,0
8051,2,2
8052,0,1
8053,1,0
8054,2,2
8055,0,0
8056,1,0
8057,1,2
8058,1,1
8059,2,2
8060,0,0
8061,1,1
8062,1,1
8063,0,0
8064,2,2
8065,1,1
8066,2,2
8067,1,1
8068,2,2
8069,0,0
8070,1,2
8071,1,1
8072,0,0
8073,1,1
8074,0,0
8075,2,2
8076,2,2
8077,0,0
8078,1,1
8079,0,0
8080,0,1
8081,2,2
8082,2,2
8083,1,1
8084,0,0
8085,1,1
8086,1,2
8087,0,0
8088,1,1
8089,2,2
8090,1,0
8091,0,0
8092,2,2
8093,0,0
8094,2,2
8095,1,1
8096,1,1
8097,0,0
8098,2,2
8099,1,1
8100,1,1
8101,0,0
8102,1,1
8103,2,2
8104,0,0
8105,1,1
8106,0,0
8107,0,1
8108,2,2
8109,1,1
8110,1,1
8111,2,2
8112,2,2
8113,1,1
8114,0,0
8115,2,2
8116,0,0
8117,1,1
8118,0,0
8119,1,1
8120,2,2
8121,1,1
8122,2,2
8123,0,0
8124,0,0
8125,2,1
8126,2,2
8127,1,2
8128,1,1
8129,0,0
8130,1,1
8131,2,2
8132,0,0
8133,0,0
8134,1,2
8135,2,2
8136,2,2
8137,0,0
8138,1,1
8139,0,0
8140,1,1
8141,2,2
8142,0,0
8143,2,2
8144,1,1
8145,0,0
8146,2,2
8147,0,0
8148,2,2
8149,0,0
8150,1,1
8151,1,1
8152,2,2
8153,0,0
8154,0,1
8155,2,2
8156,0,0
8157,2,2
8158,1,1
8159,0,0
8160,1,1
8161,2,2
8162,0,0
8163,0,0
8164,1,2
8165,1,1
8166,0,0
8167,0,1
8168,1,2
8169,1,1
8170,2,2
8171,0,0
8172,1,1
8173,2,2
8174,0,0
8175,1,1
8176,2,2
8177,0,0
8178,2,2
8179,0,1
8180,0,0
8181,1,1
8182,0,0
8183,2,2
8184,2,2
8185,1,1
8186,0,0
8187,2,2
8188,1,1
8189,0,1
8190,2,2
8191,0,0
8192,1,1
8193,1,1
8194,2,2
8195,0,1
8196,1,1
8197,2,2
8198,1,0
8199,0,0
8200,1,1
8201,2,2
8202,1,1
8203,0,0
8204,2,2
8205,1,1
8206,1,2
8207,0,0
8208,2,2
8209,2,1
8210,0,0
8211,0,0
8212,1,1
8213,2,2
8214,1,1
8215,0,0
8216,2,2
8217,0,0
8218,2,2
8219,1,1
8220,1,2
8221,1,1
8222,0,0
8223,0,0
8224,1,1
8225,2,2
8226,1,0
8227,1,1
8228,2,2
8229,2,2
8230,0,0
8231,1,1
8232,2,2
8233,1,1
8234,1,1
8235,2,2
8236,0,0
8237,1,0
8238,1,1
8239,2,2
8240,0,1
8241,0,0
8242,0,0
8243,0,0
8244,1,1
8245,2,1
8246,2,2
8247,2,0
8248,0,0
8249,1,1
8250,2,2
8251,0,0
8252,1,1
8253,2,2
8254,2,2
8255,0,0
8256,2,1
8257,2,2
8258,1,1
8259,0,0
8260,0,0
8261,2,2
8262,0,0
8263,2,2
8264,1,1
8265,2,2
8266,0,0
8267,1,1
8268,1,1
8269,1,1
8270,2,2
8271,0,0
8272,2,2
8273,1,1
8274,0,0
8275,1,1
8276,2,2
8277,0,0
8278,2,2
8279,1,1
8280,1,1
8281,0,0
8282,2,2
8283,0,0
8284,2,2
8285,0,0
8286,1,1
8287,0,0
8288,2,2
8289,1,1
8290,2,2
8291,0,0
8292,0,0
8293,1,1
8294,0,1
8295,1,1
8296,2,2
8297,0,0
8298,0,0
8299,1,1
8300,2,2
8301,0,0
8302,1,1
8303,2,2
8304,1,1
8305,0,0
8306,2,2
8307,1,1
8308,0,0
8309,1,2
8310,0,0
8311,2,2
8312,1,1
8313,1,1
8314,0,2
8315,0,0
8316,1,1
8317,2,2
8318,0,0
8319,0,0
8320,1,1
8321,2,2
8322,1,1
8323,2,2
8324,0,0
8325,2,2
8326,1,1
8327,0,0
8328,2,2
8329,1,1
8330,0,0
8331,1,1
8332,2,2
8333,2,2
8334,0,0
8335,1,1
8336,2,2
8337,2,2
8338,0,1
8339,0,0
8340,1,1
8341,0,0
8342,2,2
8343,2,2
8344,1,1
8345,0,1
8346,2,2
8347,0,0
8348,1,1
8349,1,1
8350,2,2
8351,0,0
8352,2,2
8353,1,1
8354,0,0
8355,2,2
8356,0,1
8357,0,0
8358,2,2
8359,1,1
8360,0,0
8361,2,2
8362,1,1
8363,0,0
8364,1,1
8365,2,2
8366,0,1
8367,1,1
8368,0,0
8369,2,2
8370,0,0
8371,1,0
8372,2,2
8373,0,0
8374,2,2
8375,1,1
8376,0,1
8377,2,2
8378,0,0
8379,2,2
8380,0,0
8381,1,1
8382,2,2
8383,1,1
8384,0,0
8385,0,0
8386,2,2
8387,1,1
8388,1,0
8389,1,2
8390,1,1
8391,0,0
8392,2,2
8393,0,1
8394,1,1
8395,0,0
8396,2,2
8397,1,0
8398,1,0
8399,1,2
8400,1,1
8401,0,0
8402,2,2
8403,0,0
8404,2,2
8405,1,1
8406,0,1
8407,1,1
8408,2,2
8409,0,0
8410,2,2
8411,1,1
8412,2,2
8413,0,1
8414,1,1
8415,0,0
8416,1,1
8417,2,2
8418,0,0
8419,1,1
8420,2,2
8421,1,1
8422,2,2
8423,0,0
8424,1,1
8425,0,1
8426,2,2
8427,2,2
8428,1,1
8429,0,0
8430,1,1
8431,0,0
8432,1,2
8433,2,2
8434,0,1
8435,0,0
8436,0,0
8437,2,2
8438,1,1
8439,0,0
8440,1,1
8441,2,2
8442,2,2
8443,1,0
8444,1,1
8445,1,2
8446,0,0
8447,1,1
8448,2,2
8449,1,1
8450,0,0
8451,0,1
8452,0,0
8453,2,2
8454,2,2
8455,0,0
8456,1,1
8457,1,1
8458,0,0
8459,2,2
8460,2,2
8461,1,1
8462,1,1
8463,1,1
8464,2,2
8465,0,0
8466,2,2
8467,1,1
8468,0,0
8469,1,1
8470,0,2
8471,2,2
8472,1,1
8473,2,2
8474,0,1
8475,0,0
8476,1,1
8477,2,2
8478,0,1
8479,1,1
8480,0,0
8481,0,0
8482,1,1
8483,2,2
8484,1,1
8485,2,2
8486,0,0
8487,1,1
8488,2,2
8489,2,0
8490,2,2
8491,1,1
8492,0,0
8493,1,0
8494,0,0
8495,2,2
8496,0,0
8497,2,2
8498,1,1
8499,1,2
8500,1,1
8501,0,0
8502,2,2
8503,0,0
8504,0,0
8505,0,0
8506,2,2
8507,1,1
8508,0,0
8509,1,1
8510,2,2
8511,1,1
8512,0,0
8513,2,2
8514,1,1
8515,1,2
8516,0,0
8517,2,2
8518,1,1
8519,0,0
8520,0,0
8521,2,2
8522,1,1
8523,1,1
8524,2,2
8525,0,0
8526,0,1
8527,2,1
8528,2,2
8529,0,0
8530,1,2
8531,2,2
8532,1,1
8533,0,0
8534,2,2
8535,2,2
8536,1,1
8537,0,0
8538,2,2
8539,0,0
8540,0,1
8541,2,2
8542,1,1
8543,0,0
8544,1,1
8545,0,0
8546,2,2
8547,0,0
8548,2,2
8549,1,1
8550,1,1
8551,2,2
8552,0,0
8553,0,1
8554,2,2
8555,0,0
8556,2,2
8557,1,1
8558,2,2
8559,0,0
8560,2,2
8561,2,1
8562,2,2
8563,1,0
8564,2,2
8565,1,1
8566,1,1
8567,1,1
8568,0,0
8569,2,2
8570,0,1
8571,0,1
8572,2,2
8573,0,0
8574,1,1
8575,2,2
8576,2,2
8577,1,1
8578,0,0
8579,0,0
8580,1,1
8581,2,2
8582,0,0
8583,1,1
8584,2,2
8585,1,1
8586,0,0
8587,2,2
8588,0,0
8589,0,1
8590,2,2
8591,0,1
8592,2,2
8593,0,0
8594,1,1
8595,2,2
8596,0,0
8597,2,2
8598,1,1
8599,0,0
8600,1,1
8601,2,2
8602,2,2
8603,0,0
8604,2,1
8605,2,2
8606,1,1
8607,0,0
8608,2,1
8609,0,0
8610,2,2
8611,1,1
8612,2,2
8613,0,0
8614,1,1
8615,2,2
8616,0,0
8617,0,0
8618,2,2
8619,1,1
8620,0,2
8621,0,0
8622,1,1
8623,0,1
8624,2,2
8625,1,1
8626,2,2
8627,1,1
8628,0,0
8629,0,0
8630,1,1
8631,2,2
8632,1,1
8633,0,0
8634,2,2
8635,2,2
8636,0,0
8637,1,1
8638,0,0
8639,2,2
8640,0,0
8641,2,2
8642,1,1
8643,0,0
8644,0,0
8645,0,2
8646,2,0
8647,0,0
8648,2,2
8649,1,1
8650,2,2
8651,0,2
8652,2,2
8653,1,1
8654,0,0
8655,2,1
8656,2,2
8657,0,0
8658,0,0
8659,2,2
8660,1,2
8661,1,1
8662,0,0
8663,0,0
8664,2,2
8665,1,1
8666,0,0
8667,1,1
8668,2,2
8669,0,0
8670,2,1
8671,2,1
8672,1,1
8673,2,2
8674,0,0
8675,1,1
8676,2,2
8677,1,1
8678,2,2
8679,1,1
8680,0,0
8681,1,2
8682,1,1
8683,0,0
8684,0,0
8685,1,1
8686,2,2
8687,1,1
8688,1,2
8689,0,0
8690,1,2
8691,1,1
8692,1,0
8693,0,2
8694,1,1
8695,0,0
8696,0,0
8697,2,2
8698,1,1
8699,2,2
8700,0,0
8701,1,1
8702,0,0
8703,2,2
8704,1,1
8705,0,0
8706,1,1
8707,2,2
8708,0,0
8709,0,0
8710,2,2
8711,0,0
8712,1,2
8713,1,1
8714,1,0
8715,1,1
8716,2,2
8717,2,2
8718,1,1
8719,0,0
8720,0,0
8721,1,1
8722,2,2
8723,0,0
8724,1,1
8725,1,2
8726,2,2
8727,1,1
8728,0,0
8729,2,2
8730,0,0
8731,1,1
8732,2,2
8733,0,0
8734,1,1
8735,0,0
8736,2,2
8737,1,1
8738,1,1
8739,2,2
8740,0,0
8741,2,2
8742,0,0
8743,1,1
8744,1,1
8745,0,0
8746,2,2
8747,2,2
8748,1,1
8749,1,1
8750,0,0
8751,2,2
8752,1,1
8753,1,1
8754,0,0
8755,2,2
8756,1,1
8757,2,2
8758,2,2
8759,1,1
8760,0,0
8761,1,1
8762,0,0
8763,2,2
8764,0,0
8765,2,2
8766,2,1
8767,2,2
8768,0,0
8769,1,1
8770,2,2
8771,1,0
8772,1,1
8773,1,2
8774,0,0
8775,1,1
8776,0,0
8777,1,1
8778,2,2
8779,2,2
8780,1,1
8781,0,0
8782,1,1
8783,0,0
8784,1,2
8785,0,0
8786,2,2
8787,1,1
8788,2,2
8789,1,1
8790,0,1
8791,2,2
8792,0,0
8793,1,1
8794,0,0
8795,0,1
8796,2,2
8797,2,2
8798,1,1
8799,0,0
8800,1,1
8801,2,2
8802,1,1
8803,0,0
8804,2,1
8805,0,2
8806,2,2
8807,1,1
8808,0,0
8809,0,0
8810,1,1
8811,2,2
8812,0,1
8813,2,2
8814,2,1
8815,2,2
8816,0,0
8817,1,1
8818,0,0
8819,0,0
8820,2,2
8821,2,2
8822,0,0
8823,1,1
8824,2,1
8825,0,0
8826,2,2
8827,2,2
8828,0,0
8829,1,1
8830,0,0
8831,1,2
8832,1,1
8833,0,0
8834,2,1
8835,2,2
8836,2,2
8837,1,1
8838,0,0
8839,1,1
8840,1,1
8841,0,0
8842,1,1
8843,0,0
8844,2,2
8845,2,2
8846,2,2
8847,0,0
8848,2,2
8849,1,1
8850,0,0
8851,1,0
8852,2,2
8853,2,1
8854,0,1
8855,0,0
8856,2,2
8857,0,0
8858,2,2
8859,1,1
8860,2,2
8861,0,0
8862,0,0
8863,2,2
8864,1,1
8865,1,0
8866,2,1
8867,2,2
8868,2,2
8869,0,0
8870,1,1
8871,0,0
8872,0,0
8873,2,2
8874,1,1
8875,0,0
8876,2,2
8877,0,0
8878,2,2
8879,0,1
8880,2,2
8881,1,1
8882,0,0
8883,2,1
8884,0,0
8885,2,2
8886,0,0
8887,2,2
8888,2,1
8889,0,1
8890,1,1
8891,0,0
8892,2,2
8893,0,0
8894,1,1
8895,1,1
8896,2,2
8897,0,0
8898,0,1
8899,1,2
8900,0,1
8901,0,0
8902,2,2
8903,1,1
8904,2,2
8905,1,0
8906,1,1
8907,1,1
8908,0,0
8909,2,2
8910,2,2
8911,1,1
8912,0,0
8913,1,1
8914,0,0
8915,2,2
8916,0,0
8917,1,1
8918,2,2
8919,1,1
8920,2,2
8921,0,0
8922,2,2
8923,0,1
8924,0,1
8925,0,0
8926,2,2
8927,1,1
8928,1,1
8929,0,0
8930,2,2
8931,2,2
8932,0,1
8933,2,2
8934,1,1
8935,1,1
8936,0,0
8937,2,2
8938,1,1
8939,1,1
8940,0,0
8941,1,2
8942,2,2
8943,0,0
8944,1,1
8945,1,1
8946,0,2
8947,0,0
8948,1,1
8949,2,2
8950,0,0
8951,1,1
8952,2,2
8953,0,0
8954,0,0
8955,2,2
8956,1,1
8957,0,1
8958,2,2
8959,1,1
8960,2,2
8961,0,0
8962,1,1
8963,0,0
8964,1,2
8965,0,1
8966,0,1
8967,2,2
8968,1,0
8969,2,2
8970,1,1
8971,0,0
8972,0,0
8973,1,1
8974,2,2
8975,2,2
8976,0,1
8977,0,0
8978,2,2
8979,1,1
8980,0,0
8981,1,1
8982,1,1
8983,2,2
8984,0,0
8985,2,2
8986,1,1
8987,0,0
8988,2,2
8989,0,0
8990,1,1
8991,2,2
8992,0,1
8993,0,0
8994,0,2
8995,2,2
8996,0,0
8997,2,1
8998,2,2
8999,0,0
9000,1,1
9001,0,0
9002,0,1
9003,2,2
9004,1,1
9005,1,1
9006,0,0
9007,0,0
9008,2,2
9009,1,1
9010,0,2
9011,2,2
9012,1,1
9013,2,2
9014,2,2
9015,0,0
9016,1,1
9017,2,2
9018,0,0
9019,2,2
9020,2,1
9021,0,0
9022,2,2
9023,1,1
9024,0,0
9025,0,0
9026,2,2
9027,1,1
9028,1,0
9029,0,0
9030,2,2
9031,0,0
9032,2,0
9033,2,2
9034,0,0
9035,2,2
9036,1,0
9037,2,2
9038,1,1
9039,0,0
9040,2,2
9041,1,1
9042,0,0
9043,0,1
9044,0,0
9045,0,1
9046,0,0
9047,2,2
9048,2,2
9049,1,1
9050,0,0
9051,1,1
9052,0,0
9053,2,2
9054,1,2
9055,0,1
9056,0,1
9057,0,1
9058,2,2
9059,0,0
9060,1,1
9061,2,2
9062,0,0
9063,2,2
9064,0,1
9065,0,0
9066,2,2
9067,0,0
9068,1,1
9069,1,1
9070,2,2
9071,0,0
9072,1,1
9073,0,0
9074,2,2
9075,0,0
9076,1,1
9077,1,1
9078,2,2
9079,0,0
9080,1,1
9081,1,1
9082,1,2
9083,0,0
9084,2,2
9085,0,0
9086,0,1
9087,0,0
9088,1,1
9089,2,2
9090,0,2
9091,1,1
9092,0,0
9093,0,0
9094,1,1
9095,2,2
9096,0,1
9097,1,1
9098,2,2
9099,0,0
9100,2,2
9101,0,0
9102,0,0
9103,1,1
9104,2,2
9105,2,0
9106,2,2
9107,1,1
9108,1,1
9109,2,2
9110,0,0
9111,2,2
9112,0,0
9113,0,0
9114,2,2
9115,1,1
9116,0,0
9117,1,1
9118,0,1
9119,1,1
9120,2,2
9121,0,0
9122,2,2
9123,0,0
9124,2,1
9125,2,1
9126,2,2
9127,0,0
9128,2,2
9129,2,1
9130,0,0
9131,1,1
9132,0,0
9133,2,2
9134,2,2
9135,1,0
9136,0,0
9137,1,2
9138,1,1
9139,0,0
9140,0,0
9141,1,1
9142,2,2
9143,1,1
9144,2,2
9145,0,0
9146,1,0
9147,0,1
9148,2,2
9149,1,2
9150,0,0
9151,1,1
9152,1,1
9153,0,0
9154,2,1
9155,0,0
9156,2,2
9157,2,1
9158,0,0
9159,2,2
9160,2,1
9161,0,0
9162,1,1
9163,2,2
9164,0,0
9165,1,1
9166,2,2
9167,2,2
9168,1,1
9169,0,0
9170,1,1
9171,2,2
9172,1,1
9173,0,0
9174,0,1
9175,1,1
9176,0,1
9177,0,0
9178,2,2
9179,0,0
9180,1,1
9181,0,2
9182,1,1
9183,0,0
9184,2,2
9185,1,1
9186,1,1
9187,0,2
9188,1,0
9189,1,1
9190,2,2
9191,0,0
9192,1,1
9193,2,2
9194,0,0
9195,1,1
9196,2,2
9197,1,1
9198,0,0
9199,2,2
9200,2,2
9201,0,0
9202,1,1
9203,0,0
9204,0,0
9205,2,2
9206,2,2
9207,0,0
9208,1,1
9209,2,2
9210,1,1
9211,0,0
9212,0,0
9213,2,2
9214,1,1
9215,2,2
9216,1,2
9217,0,0
9218,2,2
9219,0,0
9220,1,1
9221,0,0
9222,2,2
9223,1,1
9224,0,1
9225,0,0
9226,2,2
9227,2,2
9228,0,0
9229,1,1
9230,0,0
9231,2,2
9232,1,1
9233,0,0
9234,2,2
9235,0,2
9236,1,1
9237,0,0
9238,2,2
9239,1,1
9240,0,0
9241,1,1
9242,2,2
9243,0,0
9244,2,2
9245,0,0
9246,0,0
9247,2,2
9248,0,0
9249,1,1
9250,2,2
9251,0,0
9252,1,1
9253,0,0
9254,2,2
9255,1,1
9256,2,2
9257,0,0
9258,1,1
9259,1,1
9260,2,2
9261,0,0
9262,0,0
9263,2,2
9264,1,1
9265,2,2
9266,0,0
9267,1,1
9268,0,2
9269,1,1
9270,1,0
9271,2,2
9272,0,1
9273,2,1
9274,0,0
9275,0,1
9276,0,2
9277,0,0
9278,2,2
9279,1,1
9280,0,0
9281,2,2
9282,1,1
9283,0,0
9284,0,1
9285,2,2
9286,1,1
9287,0,0
9288,2,2
9289,0,0
9290,1,1
9291,2,1
9292,2,2
9293,0,0
9294,1,1
9295,1,1
9296,2,2
9297,0,0
9298,1,1
9299,0,0
9300,2,2
9301,1,1
9302,0,0
9303,2,1
9304,0,0
9305,2,1
9306,2,2
9307,1,1
9308,0,0
9309,2,2
9310,0,1
9311,0,0
9312,2,2
9313,0,0
9314,0,0
9315,2,2
9316,0,0
9317,1,1
9318,2,2
9319,0,0
9320,1,1
9321,2,2
9322,0,0
9323,1,1
9324,2,2
9325,1,1
9326,2,2
9327,0,0
9328,0,0
9329,1,1
9330,2,2
9331,1,1
9332,1,0
9333,2,2
9334,0,0
9335,0,1
9336,2,2
9337,0,0
9338,2,2
9339,0,0
9340,0,0
9341,1,1
9342,2,2
9343,0,0
9344,2,2
9345,1,1
9346,2,2
9347,0,1
9348,0,0
9349,0,0
9350,2,2
9351,1,1
9352,1,1
9353,0,0
9354,1,1
9355,2,2
9356,1,1
9357,2,2
9358,2,1
9359,0,0
9360,0,0
9361,0,0
9362,0,0
9363,2,2
9364,2,2
9365,0,0
9366,1,1
9367,2,1
9368,0,0
9369,2,2
9370,0,0
9371,2,2
9372,1,1
9373,0,0
9374,1,1
9375,2,2
9376,1,1
9377,0,0
9378,2,2
9379,2,2
9380,1,1
9381,0,0
9382,0,0
9383,0,1
9384,2,2
9385,1,1
9386,2,2
9387,0,0
9388,2,2
9389,1,1
9390,0,0
9391,2,2
9392,0,0
9393,1,1
9394,0,0
9395,0,0
9396,2,2
9397,0,0
9398,1,1
9399,2,2
9400,0,0
9401,2,2
9402,1,1
9403,0,0
9404,2,2
9405,1,1
9406,1,1
9407,1,1
9408,0,0
9409,2,2
9410,1,1
9411,0,0
9412,1,1
9413,1,0
9414,2,2
9415,2,2
9416,0,0
9417,0,1
9418,1,1
9419,1,2
9420,0,0
9421,2,2
9422,0,0
9423,1,1
9424,0,0
9425,2,2
9426,0,0
9427,1,1
9428,0,0
9429,2,2
9430,2,2
9431,0,0
9432,1,1
9433,1,0
9434,0,0
9435,2,2
9436,1,1
9437,2,2
9438,0,1
9439,2,2
9440,1,1
9441,0,0
9442,1,1
9443,1,2
9444,0,0
9445,0,0
9446,2,2
9447,1,1
9448,1,2
9449,0,0
9450,1,1
9451,0,0
9452,2,2
9453,1,1
9454,0,2
9455,0,0
9456,0,1
9457,0,0
9458,2,2
9459,1,1
9460,2,2
9461,0,0
9462,1,1
9463,0,0
9464,2,2
9465,1,1
9466,0,0
9467,2,2
9468,1,1
9469,0,0
9470,2,2
9471,2,2
9472,1,1
9473,0,0
9474,0,1
9475,1,2
9476,0,0
9477,2,2
9478,1,1
9479,0,0
9480,1,1
9481,0,0
9482,2,2
9483,2,2
9484,0,0
9485,1,1
9486,1,1
9487,1,2
9488,0,0
9489,1,1
9490,2,2
9491,0,0
9492,1,1
9493,0,0
9494,2,2
9495,0,1
9496,2,2
9497,1,1
9498,0,0
9499,2,2
9500,1,1
9501,0,0
9502,1,1
9503,2,2
9504,1,1
9505,2,2
9506,0,0
9507,0,1
9508,2,2
9509,0,0
9510,1,1
9511,0,0
9512,2,2
9513,0,0
9514,2,2
9515,2,1
9516,1,1
9517,2,2
9518,0,0
9519,1,0
9520,1,2
9521,1,1
9522,2,2
9523,1,1
9524,0,0
9525,1,1
9526,0,0
9527,2,2
9528,2,2
9529,0,0
9530,1,1
9531,1,1
9532,2,2
9533,1,1
9534,1,1
9535,2,2
9536,0,0
9537,1,1
9538,0,0
9539,2,2
9540,1,1
9541,1,1
9542,0,0
9543,0,0
9544,2,2
9545,1,1
9546,0,1
9547,0,0
9548,0,2
9549,2,0
9550,2,2
9551,0,1
9552,2,2
9553,1,1
9554,0,0
9555,2,1
9556,0,0
9557,2,2
9558,0,0
9559,1,1
9560,2,2
9561,2,2
9562,0,0
9563,0,1
9564,1,1
9565,0,0
9566,2,2
9567,0,0
9568,2,2
9569,1,1
9570,0,0
9571,2,2
9572,0,1
9573,0,0
9574,1,1
9575,2,2
9576,0,0
9577,1,2
9578,2,2
9579,1,1
9580,1,2
9581,0,0
9582,2,2
9583,0,0
9584,1,1
9585,0,0
9586,2,2
9587,0,1
9588,1,1
9589,2,2
9590,2,0
9591,1,1
9592,0,0
9593,2,2
9594,1,1
9595,0,0
9596,2,2
9597,2,2
9598,1,1
9599,0,0
9600,0,0
9601,2,2
9602,1,1
9603,0,1
9604,0,0
9605,0,0
9606,2,2
9607,0,0
9608,0,0
9609,0,0
9610,1,1
9611,2,2
9612,2,0
9613,0,0
9614,2,2
9615,1,1
9616,0,0
9617,2,2
9618,1,0
9619,2,2
9620,0,0
9621,0,0
9622,2,2
9623,1,1
9624,2,2
9625,2,1
9626,0,0
9627,1,1
9628,0,0
9629,2,2
9630,1,1
9631,2,2
9632,0,0
9633,2,2
9634,1,0
9635,0,0
9636,1,0
9637,2,2
9638,0,0
9639,2,2
9640,0,0
9641,1,1
9642,1,1
9643,0,0
9644,2,2
9645,1,1
9646,0,0
9647,2,2
9648,0,2
9649,0,0
9650,1,1
9651,1,1
9652,0,2
9653,1,0
9654,0,0
9655,2,2
9656,0,1
9657,2,2
9658,1,1
9659,0,0
9660,0,0
9661,2,2
9662,1,1
9663,1,1
9664,2,2
9665,0,0
9666,2,2
9667,0,0
9668,0,0
9669,0,1
9670,2,2
9671,0,0
9672,2,2
9673,1,1
9674,0,0
9675,1,1
9676,2,2
9677,0,0
9678,2,1
9679,0,0
9680,1,1
9681,2,2
9682,1,1
9683,0,0
9684,0,0
9685,2,2
9686,0,1
9687,1,1
9688,0,1
9689,0,0
9690,0,0
9691,2,2
9692,1,1
9693,0,0
9694,1,1
9695,0,2
9696,1,1
9697,0,0
9698,0,0
9699,1,1
9700,2,1
9701,0,0
9702,2,2
9703,1,1
9704,0,1
9705,2,2
9706,0,0
9707,1,2
9708,0,0
9709,1,1
9710,2,2
9711,0,2
9712,1,1
9713,0,0
9714,1,2
9715,0,0
9716,1,1
9717,1,2
9718,0,0
9719,1,1
9720,2,2
9721,0,0
9722,1,1
9723,2,2
9724,1,1
9725,0,0
9726,0,1
9727,2,2
9728,0,0
9729,1,2
9730,2,1
9731,0,0
9732,0,0
9733,2,2
9734,1,1
9735,0,1
9736,2,2
9737,0,0
9738,1,1
9739,2,2
9740,0,0
9741,1,1
9742,2,2
9743,0,0
9744,1,1
9745,2,2
9746,0,0
9747,2,2
9748,0,0
9749,1,1
9750,0,0
9751,2,2
9752,1,1
9753,0,1
9754,1,2
9755,0,0
9756,0,2
9757,2,1
9758,2,2
9759,1,1
9760,2,2
9761,1,0
9762,0,0
9763,2,2
9764,1,1
9765,1,1
9766,1,0
9767,2,2
9768,2,2
9769,1,1
9770,0,0
9771,1,1
9772,2,2
9773,0,0
9774,1,1
9775,2,2
9776,0,0
9777,1,1
9778,0,1
9779,2,2
9780,1,1
9781,2,2
9782,1,1
9783,2,2
9784,1,1
9785,0,0
9786,1,1
9787,2,2
9788,0,0
9789,2,1
9790,0,0
9791,2,2
9792,0,0
9793,1,1
9794,0,2
9795,1,2
9796,1,1
9797,0,0
9798,0,0
9799,2,2
9800,1,1
9801,0,0
9802,1,1
9803,1,2
9804,2,2
9805,1,1
9806,0,0
9807,0,0
9808,0,0
9809,2,2
9810,1,1
9811,2,1
9812,0,0
9813,2,2
9814,1,1
9815,0,0
9816,1,1
9817,0,0
9818,2,2
9819,0,0
9820,2,2
9821,1,1
9822,0,0
9823,2,2
9824,0,1
9825,1,1
9826,2,2
9827,0,0
9828,2,2
9829,1,1
9830,1,1
9831,0,0
9832,2,2
9833,0,0
9834,2,2
9835,1,0
9836,0,0
9837,0,0
9838,0,2
9839,0,0
9840,2,2
9841,1,1
